Workbook
Name chartBossCounts: Dashboard!$X$4:INDEX(Dashboard!$X$4:$X$53,COUNTA(Dashboard!$W$4:$W$53))
Name chartBossNames: Dashboard!$W$4:INDEX(Dashboard!$W$4:$W$53,COUNTA(Dashboard!$W$4:$W$53))
Name chartClassCounts: Dashboard!$AI$209:INDEX(Dashboard!#REF!,COUNTA(Dashboard!$K$209:$K$228))
Name chartClassNames: Dashboard!$AH$209:INDEX(Dashboard!$K$209:$K$228,COUNTA(Dashboard!$K$209:$K$228))
Name chartPlayerCounts: Dashboard!$E$3:INDEX(Dashboard!$E$3:$E$202,COUNTA(Dashboard!$D$3:$D$202))
Name chartPlayerNames: Dashboard!$D$3:INDEX(Dashboard!$D$3:$D$202,COUNTA(Dashboard!$D$3:$D$202))
Name chartRaidCounts: Dashboard!$AA$4:INDEX(Dashboard!$AA$4:$AA$53,COUNTA(Dashboard!$Z$4:$Z$53))
Name chartRaidLabels: Dashboard!$Z$4:INDEX(Dashboard!$Z$4:$Z$53,COUNTA(Dashboard!$Z$4:$Z$53))
Name chartRespCounts: Dashboard!$AE$209:$AE$214
Name chartRespLabels: Dashboard!$AD$209:$AD$214
Name message: 'Loot History'!$A$1:$T$52

Sheet Loot History
A1: player | B1: date | C1: time | D1: item | E1: itemID | F1: itemString | G1: response | H1: votes | I1: class | J1: instance | K1: boss | L1: gear1 | M1: gear2 | N1: responseID | O1: isAwardReason | P1: rollType | Q1: subType | R1: equipLoc | S1: note | T1: owner | U1: RaidDate
A2: Klaaw-Thunderstrike | B2: 46160 | C2: 0.91111111 | D2: Gloves of the Vanquished Hero | E2: 30241 | F2: item:30241::::::::70 | G2: BiS | H2: 2 | I2: HUNTER | J2: Coilfang: Serpentshrine Cavern-25 Player | K2: Leotheras the Blind | L2: Handguards of the Beast Lord | M2: n/a | N2: 1 | O2: FALSE | P2: normal | Q2: Armor Token | T2: Heislbärt-Thunderstrike | U2: =IF(B2="","",B2) -> 46160
A3: Alàén-Thunderstrike | B3: 46160 | C3: 0.86111111 | D3: Chestguard of the Ranger-General | E3: 30054 | F3: item:30054::::::::70 | G3: Upgrade | H3: 0 | I3: PALADIN | J3: Coilfang: Serpentshrine Cavern-25 Player | K3: Hydross the Unstable | L3: Chestguard of the Conspirator | M3: n/a | N3: 3 | O3: FALSE | P3: normal | Q3: Mail | R3: Chest | T3: Heislbärt-Thunderstrike | U3: =IF(B3="","",B3) -> 46160
A4: Alàén-Thunderstrike | B4: 46160 | C4: 0.87638889 | D4: Brighthelm of Justice | E4: 30065 | F4: item:30065::::::::70 | G4: Offspecc | H4: 4 | I4: PALADIN | J4: Coilfang: Serpentshrine Cavern-25 Player | K4: Hydross the Unstable | L4: Chestguard of the Conspirator | M4: n/a | N4: 4 | O4: FALSE | P4: normal | Q4: Plate | R4: Chest | T4: Heislbärt-Thunderstrike | U4: =IF(B4="","",B4) -> 46160
A5: Alàén-Thunderstrike | B5: 46160 | C5: 0.87708333 | D5: Ancestral Ring of Conquest | E5: 30061 | F5: item:30061::::::::70 | G5: 2nd BiS | H5: 1 | I5: PALADIN | J5: Coilfang: Serpentshrine Cavern-25 Player | K5: The Lurker Below | L5: Shapeshifter's Signet | M5: A'dal's Command | N5: 2 | O5: FALSE | P5: normal | Q5: Miscellaneous | R5: Finger | T5: Heislbärt-Thunderstrike | U5: =IF(B5="","",B5) -> 46160
A6: Alàén-Thunderstrike | B6: 46160 | C6: 0.91041667 | D6: World Breaker | E6: 30090 | F6: item:30090::::::::70 | G6: 2nd BiS | H6: 6 | I6: PALADIN | J6: Coilfang: Serpentshrine Cavern-25 Player | K6: Fathom-Lord Karathress | L6: Gorehowl | M6: n/a | N6: 2 | O6: FALSE | P6: normal | Q6: Two-Handed Maces | R6: Two-Hand | T6: Heislbärt-Thunderstrike | U6: =IF(B6="","",B6) -> 46160
A7: Mardinez-Thunderstrike | B7: 46160 | C7: 0.87708333 | D7: Earring of Soulful Meditation | E7: 30665 | F7: item:30665::::::::70 | G7: 2nd BiS | H7: 5 | I7: PRIEST | J7: Coilfang: Serpentshrine Cavern-25 Player | K7: The Lurker Below | L7: Essence of the Martyr | M7: Ribbon of Sacrifice | N7: 2 | O7: FALSE | P7: normal | Q7: Miscellaneous | R7: Trinket | T7: Heislbärt-Thunderstrike | U7: =IF(B7="","",B7) -> 46160
A8: Heislbärt-Thunderstrike | B8: 46160 | C8: 0.97916667 | D8: Belt of One-Hundred Deaths | E8: 30106 | F8: item:30106::::::::70 | G8: BiS | H8: 3 | I8: DRUID | J8: Coilfang: Serpentshrine Cavern-25 Player | K8: Lady Vashj | L8: Girdle of Treachery | M8: n/a | N8: 1 | O8: FALSE | P8: normal | Q8: Leather | R8: Waist | T8: Heislbärt-Thunderstrike | U8: =IF(B8="","",B8) -> 46160
A9: Zerleger-Thunderstrike | B9: 46160 | C9: 0.8875 | D9: Nether Vortex | E9: 30183 | F9: item:30183::::::::70 | G9: BiS | H9: 3 | I9: WARRIOR | J9: Coilfang: Serpentshrine Cavern-25 Player | K9: SSC / TK Trash | M9: n/a | N9: 1 | O9: FALSE | P9: normal | Q9: Materials | T9: Heislbärt-Thunderstrike | U9: =IF(B9="","",B9) -> 46160
A10: Zerleger-Thunderstrike | B10: 46160 | C10: 0.90972222 | D10: Serpentshrine Shuriken | E10: 30025 | F10: item:30025::::::::70 | G10: Upgrade | H10: 5 | I10: WARRIOR | J10: Coilfang: Serpentshrine Cavern-25 Player | K10: SSC Trash | L10: Sunfury Bow of the Phoenix | M10: n/a | N10: 3 | O10: FALSE | P10: normal | Q10: Thrown | R10: Thrown | T10: Heislbärt-Thunderstrike | U10: =IF(B10="","",B10) -> 46160
A11: Zerleger-Thunderstrike | B11: 46160 | C11: 0.91041667 | D11: Pattern: Boots of the Long Road | E11: 30283 | F11: item:30283::::::::70 | G11: Pass | H11: 0 | I11: WARRIOR | J11: Coilfang: Serpentshrine Cavern-25 Player | K11: SSC Trash | M11: n/a | N11: PASS | O11: FALSE | P11: normal | Q11: Tailoring | T11: Heislbärt-Thunderstrike | U11: =IF(B11="","",B11) -> 46160
A12: Tastycake-Thunderstrike | B12: 46160 | C12: 0.90902778 | D12: Pendant of Long Lost Memories | E12: 30008 | F12: item:30008::::::::70 | G12: Upgrade | H12: 5 | I12: MAGE | J12: Coilfang: Serpentshrine Cavern-25 Player | K12: SSC Trash | L12: Sethekk Prophet's Ring | M12: n/a | N12: 3 | O12: FALSE | P12: normal | Q12: Miscellaneous | R12: Neck | T12: Heislbärt-Thunderstrike | U12: =IF(B12="","",B12) -> 46160
A13: Flieege-Thunderstrike | B13: 46160 | C13: 0.97916667 | D13: Helm of the Vanquished Hero | E13: 30244 | F13: item:30244::::::::70 | G13: BiS | H13: 0 | I13: WARLOCK | J13: Coilfang: Serpentshrine Cavern-25 Player | K13: Lady Vashj | L13: Crown of the Voidheart | M13: n/a | N13: 1 | O13: FALSE | P13: normal | Q13: Armor Token | T13: Flieege-Thunderstrike | U13: =IF(B13="","",B13) -> 46160
A14: Oßa-Thunderstrike | B14: 46160 | C14: 0.90902778 | D14: Leggings of the Vanquished Champion | E14: 30245 | F14: item:30245::::::::70 | G14: BiS | H14: 1 | I14: SHAMAN | J14: Coilfang: Serpentshrine Cavern-25 Player | K14: Fathom-Lord Karathress | L14: Leggings of the Heartfire | M14: n/a | N14: 1 | O14: FALSE | P14: normal | Q14: Armor Token | T14: Heislbärt-Thunderstrike | U14: =IF(B14="","",B14) -> 46160
A15: Oßa-Thunderstrike | B15: 46160 | C15: 0.91041667 | D15: Spiked Coral Shoulderpads | E15: 30097 | F15: item:30097::::::::70 | G15: Upgrade | H15: 5 | I15: SHAMAN | J15: Coilfang: Serpentshrine Cavern-25 Player | K15: SSC Trash | L15: Shoulderpads of the Hurricane | M15: n/a | N15: 3 | O15: FALSE | P15: normal | Q15: Mail | R15: Shoulder | T15: Heislbärt-Thunderstrike | U15: =IF(B15="","",B15) -> 46160
A16: Keindaemon-Thunderstrike | B16: 46160 | C16: 0.8625 | D16: Living Root of the Wildheart | E16: 30664 | F16: item:30664::::::::70 | G16: Upgrade | H16: 2 | I16: DRUID | J16: Coilfang: Serpentshrine Cavern-25 Player | K16: Hydross the Unstable | L16: Alchemist Stone | M16: Xi'ri's Gift | N16: 3 | O16: FALSE | P16: normal | Q16: Miscellaneous | R16: Trinket | T16: Heislbärt-Thunderstrike | U16: =IF(B16="","",B16) -> 46160
A17: Ribsz-Thunderstrike | B17: 46160 | C17: 0.91180556 | D17: Gloves of the Vanquished Hero | E17: 30241 | F17: item:30241::::::::70 | G17: BiS | H17: 0 | I17: MAGE | J17: Coilfang: Serpentshrine Cavern-25 Player | K17: Leotheras the Blind | L17: Spellfire Gloves | M17: n/a | N17: 1 | O17: FALSE | P17: normal | Q17: Armor Token | T17: Heislbärt-Thunderstrike | U17: =IF(B17="","",B17) -> 46160
A18: Zzou-Thunderstrike | B18: 46160 | C18: 0.86180556 | D18: Ring of Lethality | E18: 30052 | F18: item:30052::::::::70 | G18: BiS | H18: 3 | I18: HUNTER | J18: Coilfang: Serpentshrine Cavern-25 Player | K18: Hydross the Unstable | L18: Violet Signet | M18: Ring of Shadowy Doom | N18: 1 | O18: FALSE | P18: normal | Q18: Miscellaneous | R18: Finger | S18: bis #1 sv | T18: Heislbärt-Thunderstrike | U18: =IF(B18="","",B18) -> 46160
A19: Zabipala-Thunderstrike | B19: 46160 | C19: 0.90902778 | D19: Leggings of the Vanquished Champion | E19: 30245 | F19: item:30245::::::::70 | G19: BiS | H19: 4 | I19: PALADIN | J19: Coilfang: Serpentshrine Cavern-25 Player | K19: Fathom-Lord Karathress | L19: Legguards of the Justicar | M19: n/a | N19: 1 | O19: FALSE | P19: normal | Q19: Armor Token | T19: Heislbärt-Thunderstrike | U19: =IF(B19="","",B19) -> 46160
A20: Zabipala-Thunderstrike | B20: 46160 | C20: 0.91041667 | D20: Gloves of the Vanquished Champion | E20: 30239 | F20: item:30239::::::::70 | G20: BiS | H20: 2 | I20: PALADIN | J20: Coilfang: Serpentshrine Cavern-25 Player | K20: Leotheras the Blind | L20: Handguards of the Justicar | M20: n/a | N20: 1 | O20: FALSE | P20: normal | Q20: Armor Token | T20: Heislbärt-Thunderstrike | U20: =IF(B20="","",B20) -> 46160
A21: Zabipala-Thunderstrike | B21: 46160 | C21: 0.97847222 | D21: Helm of the Vanquished Champion | E21: 30242 | F21: item:30242::::::::70 | G21: BiS | H21: 1 | I21: PALADIN | J21: Coilfang: Serpentshrine Cavern-25 Player | K21: Lady Vashj | L21: Panzatronic Goggles | M21: n/a | N21: 1 | O21: FALSE | P21: normal | Q21: Armor Token | T21: Zabipala-Thunderstrike | U21: =IF(B21="","",B21) -> 46160
A22: Xænd-Thunderstrike | B22: 46160 | C22: 0.90902778 | D22: Warboots of Obliteration | E22: 30081 | F22: item:30081::::::::70 | G22: BiS | H22: 2 | I22: WARRIOR | J22: Coilfang: Serpentshrine Cavern-25 Player | K22: Morogrim Tidewalker | L22: Ironstriders of Urgency | M22: n/a | N22: 1 | O22: FALSE | P22: normal | Q22: Plate | R22: Feet | T22: Heislbärt-Thunderstrike | U22: =IF(B22="","",B22) -> 46160
A23: Tommypenn-Thunderstrike | B23: 46160 | C23: 0.87777778 | D23: Totem of the Maelstrom | E23: 30023 | F23: item:30023::::::::70 | G23: Offspecc | H23: 2 | I23: SHAMAN | J23: Coilfang: Serpentshrine Cavern-25 Player | K23: SSC Trash | M23: n/a | N23: 4 | O23: FALSE | P23: normal | Q23: Totems | R23: Relic | T23: Heislbärt-Thunderstrike | U23: =IF(B23="","",B23) -> 46160
A24: Tommypenn-Thunderstrike | B24: 46160 | C24: 0.90902778 | D24: Leggings of the Vanquished Champion | E24: 30245 | F24: item:30245::::::::70 | G24: BiS | H24: 1 | I24: SHAMAN | J24: Coilfang: Serpentshrine Cavern-25 Player | K24: Fathom-Lord Karathress | L24: Spellstrike Pants | M24: n/a | N24: 1 | O24: FALSE | P24: normal | Q24: Armor Token | T24: Heislbärt-Thunderstrike | U24: =IF(B24="","",B24) -> 46160
A25: Spewspew-Thunderstrike | B25: 46160 | C25: 0.90902778 | D25: Serpent-Coil Braid | E25: 30720 | F25: item:30720::::::::70 | G25: BiS | H25: 3 | I25: MAGE | J25: Coilfang: Serpentshrine Cavern-25 Player | K25: Morogrim Tidewalker | L25: Icon of the Silver Crescent | M25: The Lightning Capacitor | N25: 1 | O25: FALSE | P25: normal | Q25: Miscellaneous | R25: Trinket | T25: Heislbärt-Thunderstrike | U25: =IF(B25="","",B25) -> 46160
A26: Mommyfrieren-Thunderstrike | B26: 46160 | C26: 0.98055556 | D26: Ring of the Endless Coils | E26: 30109 | F26: item:30109::::::::70 | G26: BiS | H26: 5 | I26: WARLOCK | J26: Coilfang: Serpentshrine Cavern-25 Player | K26: Lady Vashj | L26: Band of the Crimson Fury | M26: Ring of Recurrence | N26: 1 | O26: FALSE | P26: normal | Q26: Miscellaneous | R26: Finger | T26: Mommyfrieren-Thunderstrike | U26: =IF(B26="","",B26) -> 46160
A27: Gerdarogers-Thunderstrike | B27: 46160 | C27: 0.97916667 | D27: Helm of the Vanquished Hero | E27: 30244 | F27: item:30244::::::::70 | G27: BiS | H27: 1 | I27: WARLOCK | J27: Coilfang: Serpentshrine Cavern-25 Player | K27: Lady Vashj | L27: Crown of the Voidheart | M27: n/a | N27: 1 | O27: FALSE | P27: normal | Q27: Armor Token | T27: Gerdarogers-Thunderstrike | U27: =IF(B27="","",B27) -> 46160
A28: Lilyasx-Thunderstrike | B28: 46161 | C28: 0.90069444 | D28: Bark-Gloves of Ancient Wisdom | E28: 30029 | F28: item:30029::::::::70 | G28: Upgrade | H28: 2 | I28: DRUID | J28: Tempest Keep-25 Player | K28: TK Trash | L28: Hallowed Handwraps | M28: n/a | N28: 3 | O28: FALSE | P28: normal | Q28: Leather | R28: Hands | S28: super low prio | T28: Lilyasx-Thunderstrike | U28: =IF(B28="","",B28) -> 46161
A29: Fetzine-Thunderstrike | B29: 46161 | C29: 0.90138889 | D29: Arcanite Steam-Pistol | E29: 29949 | F29: item:29949::::::::70 | G29: 2nd BiS | H29: 3 | I29: HUNTER | J29: Tempest Keep-25 Player | K29: Al'ar | L29: Sunfury Bow of the Phoenix | M29: n/a | N29: 2 | O29: FALSE | P29: normal | Q29: Guns | R29: Ranged | T29: Lilyasx-Thunderstrike | U29: =IF(B29="","",B29) -> 46161
A30: Zerleger-Thunderstrike | B30: 46161 | C30: 0.91111111 | D30: Fel-Steel Warhelm | E30: 29983 | F30: item:29983::::::::70 | G30: Upgrade | H30: 1 | I30: WARRIOR | J30: Tempest Keep-25 Player | K30: Void Reaver | L30: Warbringer Greathelm | M30: n/a | N30: 3 | O30: FALSE | P30: normal | Q30: Plate | R30: Head | T30: Lilyasx-Thunderstrike | U30: =IF(B30="","",B30) -> 46161
A31: Zerleger-Thunderstrike | B31: 46161 | C31: 0.92986111 | D31: Pauldrons of the Vanquished Defender | E31: 30249 | F31: item:30249::::::::70 | G31: BiS | H31: 0 | I31: WARRIOR | J31: Tempest Keep-25 Player | K31: Void Reaver | L31: Warbringer Shoulderguards | M31: n/a | N31: 1 | O31: FALSE | P31: normal | Q31: Armor Token | T31: Lilyasx-Thunderstrike | U31: =IF(B31="","",B31) -> 46161
A32: Keindaemon-Thunderstrike | B32: 46161 | C32: 0.90069444 | D32: Mindstorm Wristbands | E32: 29918 | F32: item:29918::::::::70 | G32: BiS | H32: 3 | I32: DRUID | J32: Tempest Keep-25 Player | K32: Al'ar | L32: Bracers of the White Stag | M32: n/a | N32: 1 | O32: FALSE | P32: normal | Q32: Cloth | R32: Wrist | T32: Lilyasx-Thunderstrike | U32: =IF(B32="","",B32) -> 46161
A33: Zabipala-Thunderstrike | B33: 46161 | C33: 0.93055556 | D33: Boots of the Resilient | E33: 32267 | F33: item:32267::::::::70 | G33: BiS | H33: 1 | I33: PALADIN | J33: Tempest Keep-25 Player | K33: High Astromancer Solarian | L33: Boots of the Righteous Path | M33: n/a | N33: 1 | O33: FALSE | P33: normal | Q33: Plate | R33: Feet | T33: Lilyasx-Thunderstrike | U33: =IF(B33="","",B33) -> 46161
A34: Zabipala-Thunderstrike | B34: 46161 | C34: 0.93055556 | D34: Seventh Ring of the Tirisfalen | E34: 30028 | F34: item:30028::::::::70 | G34: BiS | H34: 1 | I34: PALADIN | J34: Tempest Keep-25 Player | K34: TK Trash | L34: Violet Signet of the Great Protector | M34: Ring of Unyielding Force | N34: 1 | O34: FALSE | P34: normal | Q34: Miscellaneous | R34: Finger | T34: Lilyasx-Thunderstrike | U34: =IF(B34="","",B34) -> 46161
A35: Xænd-Thunderstrike | B35: 46161 | C35: 0.90208333 | D35: Netherbane | E35: 29924 | F35: item:29924::::::::70 | G35: 2nd BiS | H35: 2 | I35: WARRIOR | J35: Tempest Keep-25 Player | K35: Al'ar | L35: Dragonmaw | M35: Fel Edged Battleaxe | N35: 2 | O35: FALSE | P35: normal | Q35: One-Handed Axes | R35: One-Hand | T35: Lilyasx-Thunderstrike | U35: =IF(B35="","",B35) -> 46161
A36: Xænd-Thunderstrike | B36: 46161 | C36: 0.93055556 | D36: Greaves of the Bloodwarder | E36: 29950 | F36: item:29950::::::::70 | G36: 2nd BiS | H36: 0 | I36: WARRIOR | J36: Tempest Keep-25 Player | K36: High Astromancer Solarian | L36: Warbringer Greaves | M36: n/a | N36: 2 | O36: FALSE | P36: normal | Q36: Plate | R36: Legs | T36: Lilyasx-Thunderstrike | U36: =IF(B36="","",B36) -> 46161
A37: Xænd-Thunderstrike | B37: 46161 | C37: 0.93125 | D37: Plans: Red Belt of Battle | E37: 30322 | F37: item:30322::::::::70 | G37: 2nd BiS | H37: 1 | I37: WARRIOR | J37: Tempest Keep-25 Player | K37: SSC Trash | M37: n/a | N37: 2 | O37: FALSE | P37: normal | Q37: Blacksmithing | T37: Lilyasx-Thunderstrike | U37: =IF(B37="","",B37) -> 46161
A38: Spewspew-Thunderstrike | B38: 46161 | C38: 0.92986111 | D38: Pauldrons of the Vanquished Hero | E38: 30250 | F38: item:30250::::::::70 | G38: BiS | H38: 2 | I38: MAGE | J38: Tempest Keep-25 Player | K38: Void Reaver | L38: Pauldrons of the Aldor | M38: n/a | N38: 1 | O38: FALSE | P38: normal | Q38: Armor Token | T38: Lilyasx-Thunderstrike | U38: =IF(B38="","",B38) -> 46161
A39: Tuarendrood-Thunderstrike | B39: 46161 | C39: 0.90069444 | D39: Bark-Gloves of Ancient Wisdom | E39: 30029 | F39: item:30029::::::::70 | G39: Offspecc | H39: 0 | I39: DRUID | J39: Tempest Keep-25 Player | K39: TK Trash | L39: Mitts of the Treemender | M39: n/a | N39: 4 | O39: FALSE | P39: normal | Q39: Leather | R39: Hands | T39: Lilyasx-Thunderstrike | U39: =IF(B39="","",B39) -> 46161
A40: Tuarendrood-Thunderstrike | B40: 46161 | C40: 0.92986111 | D40: Pauldrons of the Vanquished Defender | E40: 30249 | F40: item:30249::::::::70 | G40: BiS | H40: 0 | I40: DRUID | J40: Tempest Keep-25 Player | K40: Void Reaver | L40: Shoulderguards of Malorne | M40: n/a | N40: 1 | O40: FALSE | P40: normal | Q40: Armor Token | T40: Lilyasx-Thunderstrike | U40: =IF(B40="","",B40) -> 46161
A41: Mommyfrieren-Thunderstrike | B41: 46161 | C41: 0.93125 | D41: Void Star Talisman | E41: 30449 | F41: item:30449::::::::70 | G41: Offspecc | H41: 2 | I41: WARLOCK | J41: Tempest Keep-25 Player | K41: High Astromancer Solarian | L41: Scryer's Bloodgem | M41: Quagmirran's Eye | N41: 4 | O41: FALSE | P41: normal | Q41: Miscellaneous | R41: Trinket | T41: Lilyasx-Thunderstrike | U41: =IF(B41="","",B41) -> 46161
A42: Mokrash-Thunderstrike | B42: 46163 | C42: 0.87638889 | D42: Shoulderpads of the Stranger | E42: 30055 | F42: item:30055::::::::70 | G42: BiS | H42: 4 | I42: WARRIOR | J42: Coilfang: Serpentshrine Cavern-25 Player | K42: Hydross the Unstable | L42: Warbringer Shoulderplates | M42: n/a | N42: 1 | O42: FALSE | P42: normal | Q42: Leather | R42: Shoulder | T42: Heislbärt-Thunderstrike | U42: =IF(B42="","",B42) -> 46163
A43: Mokrash-Thunderstrike | B43: 46163 | C43: 0.89236111 | D43: Leggings of the Vanquished Defender | E43: 30246 | F43: item:30246::::::::70 | G43: BiS | H43: 3 | I43: WARRIOR | J43: Coilfang: Serpentshrine Cavern-25 Player | K43: Fathom-Lord Karathress | L43: Warbringer Greaves | M43: n/a | N43: 1 | O43: FALSE | P43: normal | Q43: Armor Token | T43: Heislbärt-Thunderstrike | U43: =IF(B43="","",B43) -> 46163
A44: Bigfutti-Thunderstrike | B44: 46163 | C44: 0.89236111 | D44: Leggings of the Vanquished Defender | E44: 30246 | F44: item:30246::::::::70 | G44: BiS | H44: 4 | I44: PRIEST | J44: Coilfang: Serpentshrine Cavern-25 Player | K44: Fathom-Lord Karathress | L44: Stately Leggings of Might | M44: n/a | N44: 1 | O44: FALSE | P44: normal | Q44: Armor Token | T44: Heislbärt-Thunderstrike | U44: =IF(B44="","",B44) -> 46163
A45: Heislbärt-Thunderstrike | B45: 46163 | C45: 0.88055556 | D45: Gloves of the Vanquished Defender | E45: 30240 | F45: item:30240::::::::70 | G45: BiS | H45: 4 | I45: DRUID | J45: Coilfang: Serpentshrine Cavern-25 Player | K45: Leotheras the Blind | L45: Gloves of Deftness | M45: n/a | N45: 1 | O45: FALSE | P45: normal | Q45: Armor Token | T45: Heislbärt-Thunderstrike | U45: =IF(B45="","",B45) -> 46163
A46: Zerleger-Thunderstrike | B46: 46163 | C46: 0.87916667 | D46: Frayed Tether of the Drowned | E46: 30099 | F46: item:30099::::::::70 | G46: Offspecc | H46: 0 | I46: WARRIOR | J46: Coilfang: Serpentshrine Cavern-25 Player | K46: Fathom-Lord Karathress | L46: Pendant of the Perilous | M46: n/a | N46: 4 | O46: FALSE | P46: normal | Q46: Miscellaneous | R46: Neck | T46: Heislbärt-Thunderstrike | U46: =IF(B46="","",B46) -> 46163
A47: Zerleger-Thunderstrike | B47: 46163 | C47: 0.88055556 | D47: Girdle of the Invulnerable | E47: 30096 | F47: item:30096::::::::70 | G47: Offspecc | H47: 4 | I47: WARRIOR | J47: Coilfang: Serpentshrine Cavern-25 Player | K47: Leotheras the Blind | L47: Warlord's Iron-Girdle | M47: n/a | N47: 4 | O47: FALSE | P47: normal | Q47: Plate | R47: Waist | T47: Heislbärt-Thunderstrike | U47: =IF(B47="","",B47) -> 46163
A48: Oßa-Thunderstrike | B48: 46163 | C48: 0.87986111 | D48: Gloves of the Vanquished Champion | E48: 30239 | F48: item:30239::::::::70 | G48: BiS | H48: 5 | I48: SHAMAN | J48: Coilfang: Serpentshrine Cavern-25 Player | K48: Leotheras the Blind | L48: Handwraps of Flowing Thought | M48: n/a | N48: 1 | O48: FALSE | P48: normal | Q48: Armor Token | T48: Heislbärt-Thunderstrike | U48: =IF(B48="","",B48) -> 46163
A49: Keindaemon-Thunderstrike | B49: 46163 | C49: 0.89444444 | D49: Shoulderguards of the Illidari | E49: 30079 | F49: item:30079::::::::70 | G49: Upgrade | H49: 0 | I49: DRUID | J49: Coilfang: Serpentshrine Cavern-25 Player | K49: SSC Trash | L49: Mantle of Malorne | M49: n/a | N49: WAIT | O49: FALSE | P49: normal | Q49: Cloth | R49: Shoulder | T49: Heislbärt-Thunderstrike | U49: =IF(B49="","",B49) -> 46163
A50: Zabipala-Thunderstrike | B50: 46163 | C50: 0.87708333 | D50: The Signet of Danzalar | E50: 33054 | F50: item:33054::::::::70 | G50: Upgrade | H50: 1 | I50: PALADIN | J50: Coilfang: Serpentshrine Cavern-25 Player | K50: The Lurker Below | L50: Signet of the Seer | M50: Ashyen's Gift | N50: 3 | O50: FALSE | P50: normal | Q50: Miscellaneous | R50: Finger | T50: Heislbärt-Thunderstrike | U50: =IF(B50="","",B50) -> 46163
A51: Xænd-Thunderstrike | B51: 46163 | C51: 0.89444444 | D51: Talon of Azshara | E51: 30082 | F51: item:30082::::::::70 | G51: BiS | H51: 0 | I51: WARRIOR | J51: Coilfang: Serpentshrine Cavern-25 Player | K51: Morogrim Tidewalker | L51: Dragonmaw | M51: Netherbane | N51: 1 | O51: FALSE | P51: normal | Q51: One-Handed Swords | R51: One-Hand | T51: Heislbärt-Thunderstrike | U51: =IF(B51="","",B51) -> 46163
A52: Spewspew-Thunderstrike | B52: 46163 | C52: 0.87986111 | D52: Gloves of the Vanquished Hero | E52: 30241 | F52: item:30241::::::::70 | G52: BiS | H52: 5 | I52: MAGE | J52: Coilfang: Serpentshrine Cavern-25 Player | K52: Leotheras the Blind | L52: Gloves of the Aldor | M52: n/a | N52: 1 | O52: FALSE | P52: normal | Q52: Armor Token | T52: Heislbärt-Thunderstrike | U52: =IF(B52="","",B52) -> 46163
A53: Tuarendrood-Thunderstrike | B53: 46163 | C53: 0.87708333 | D53: Wraps of Purification | E53: 32516 | F53: item:32516::::::::70 | G53: Upgrade | H53: 3 | I53: DRUID | J53: Coilfang: Serpentshrine Cavern-25 Player | K53: Hydross the Unstable | L53: Bands of Innervation | M53: n/a | N53: 3 | O53: FALSE | P53: normal | Q53: Cloth | R53: Wrist | T53: Heislbärt-Thunderstrike | U53: =IF(B53="","",B53) -> 46163
A54: Mommyfrieren-Thunderstrike | B54: 46163 | C54: 0.88194444 | D54: Leggings of the Vanquished Hero | E54: 30247 | F54: item:30247::::::::70 | G54: BiS | H54: 2 | I54: WARLOCK | J54: Coilfang: Serpentshrine Cavern-25 Player | K54: Fathom-Lord Karathress | L54: Spellstrike Pants | M54: n/a | N54: 1 | O54: FALSE | P54: normal | Q54: Armor Token | T54: Heislbärt-Thunderstrike | U54: =IF(B54="","",B54) -> 46163
A55: Supmyaeth-Thunderstrike | B55: 46163 | C55: 0.87708333 | D55: Boots of Effortless Striking | E55: 30060 | F55: item:30060::::::::70 | G55: Upgrade | H55: 1 | I55: SHAMAN | J55: Coilfang: Serpentshrine Cavern-25 Player | K55: The Lurker Below | L55: Zierhut's Lost Chafers | M55: n/a | N55: 3 | O55: FALSE | P55: normal | Q55: Leather | R55: Feet | T55: Heislbärt-Thunderstrike | U55: =IF(B55="","",B55) -> 46163
A56: Reezø-Thunderstrike | B56: 46163 | C56: 0.89444444 | D56: Pauldrons of the Argent Sentinel | E56: 30084 | F56: item:30084::::::::70 | G56: BiS | H56: 1 | I56: PALADIN | J56: Coilfang: Serpentshrine Cavern-25 Player | K56: Morogrim Tidewalker | L56: Hallowed Pauldrons | M56: n/a | N56: 1 | O56: FALSE | P56: normal | Q56: Plate | R56: Shoulder | S56: braucht ja sonst nieman | T56: Heislbärt-Thunderstrike | U56: =IF(B56="","",B56) -> 46163
A57: Bigfutti-Thunderstrike | B57: 46167 | C57: 0.89236111 | D57: Royal Cloak of the Sunstriders | E57: 29992 | F57: item:29992::::::::70 | G57: BiS | H57: 5 | I57: PRIEST | J57: Tempest Keep-25 Player | K57: Kael'thas Sunstrider | L57: Farseer Cloak of Shadow Wrath | M57: n/a | N57: 1 | O57: FALSE | P57: normal | Q57: Cloth | R57: Back | T57: Zzou-Thunderstrike | U57: =IF(B57="","",B57) -> 46167
A58: Lilyasx-Thunderstrike | B58: 46167 | C58: 0.89583333 | D58: Girdle of Zaetar | E58: 29984 | F58: item:29984::::::::70 | G58: 2nd BiS | H58: 2 | I58: DRUID | J58: Tempest Keep-25 Player | K58: Void Reaver | L58: Cincture of Will | M58: n/a | N58: 2 | O58: FALSE | P58: normal | Q58: Leather | R58: Waist | S58: 2nd bis nach crafted belt - bis pvp außerdem | T58: Zzou-Thunderstrike | U58: =IF(B58="","",B58) -> 46167
A59: Klaaw-Thunderstrike | B59: 46167 | C59: 0.89375 | D59: Chestguard of the Vanquished Hero | E59: 30238 | F59: item:30238::::::::70 | G59: BiS | H59: 0 | I59: HUNTER | J59: Tempest Keep-25 Player | K59: Kael'thas Sunstrider | L59: Beast Lord Cuirass | M59: n/a | N59: 1 | O59: FALSE | P59: normal | Q59: Armor Token | T59: Zzou-Thunderstrike | U59: =IF(B59="","",B59) -> 46167
A60: Klaaw-Thunderstrike | B60: 46167 | C60: 0.90069444 | D60: Star-Strider Boots | E60: 29951 | F60: item:29951::::::::70 | G60: 2nd BiS | H60: 0 | I60: HUNTER | J60: Tempest Keep-25 Player | K60: High Astromancer Solarian | L60: Edgewalker Longboots | M60: n/a | N60: 2 | O60: FALSE | P60: normal | Q60: Mail | R60: Feet | T60: Zzou-Thunderstrike | U60: =IF(B60="","",B60) -> 46167
A61: Alàén-Thunderstrike | B61: 46167 | C61: 0.89513889 | D61: Gloves of the Searing Grip | E61: 29947 | F61: item:29947::::::::70 | G61: BiS | H61: 3 | I61: PALADIN | J61: Tempest Keep-25 Player | K61: Al'ar | L61: Grips of Deftness | M61: n/a | N61: 1 | O61: FALSE | P61: normal | Q61: Leather | R61: Hands | T61: Zzou-Thunderstrike | U61: =IF(B61="","",B61) -> 46167
A62: Mardinez-Thunderstrike | B62: 46167 | C62: 0.89166667 | D62: Pauldrons of the Vanquished Defender | E62: 30249 | F62: item:30249::::::::70 | G62: BiS | H62: 2 | I62: PRIEST | J62: Tempest Keep-25 Player | K62: Void Reaver | L62: Light-Mantle of the Incarnate | M62: n/a | N62: 1 | O62: FALSE | P62: normal | Q62: Armor Token | T62: Zzou-Thunderstrike | U62: =IF(B62="","",B62) -> 46167
A63: Aethrîa-Thunderstrike | B63: 46167 | C63: 0.89375 | D63: Pauldrons of the Vanquished Hero | E63: 30250 | F63: item:30250::::::::70 | G63: BiS | H63: 2 | I63: MAGE | J63: Tempest Keep-25 Player | K63: Void Reaver | L63: Gladiator's Silk Amice | M63: n/a | N63: 1 | O63: FALSE | P63: normal | Q63: Armor Token | T63: Zzou-Thunderstrike | U63: =IF(B63="","",B63) -> 46167
A64: Aethrîa-Thunderstrike | B64: 46167 | C64: 0.89375 | D64: Chestguard of the Vanquished Hero | E64: 30238 | F64: item:30238::::::::70 | G64: BiS | H64: 0 | I64: MAGE | J64: Tempest Keep-25 Player | K64: Kael'thas Sunstrider | L64: Vestments of the Aldor | M64: n/a | N64: 1 | O64: FALSE | P64: normal | Q64: Armor Token | T64: Zzou-Thunderstrike | U64: =IF(B64="","",B64) -> 46167
A65: Aethrîa-Thunderstrike | B65: 46167 | C65: 0.9 | D65: Trousers of the Astromancer | E65: 29972 | F65: item:29972::::::::70 | G65: Upgrade | H65: 0 | I65: MAGE | J65: Tempest Keep-25 Player | K65: High Astromancer Solarian | L65: Legwraps of the Aldor | M65: n/a | N65: 3 | O65: FALSE | P65: normal | Q65: Cloth | R65: Legs | T65: Zzou-Thunderstrike | U65: =IF(B65="","",B65) -> 46167
A66: Heislbärt-Thunderstrike | B66: 46167 | C66: 0.89097222 | D66: Pauldrons of the Vanquished Defender | E66: 30249 | F66: item:30249::::::::70 | G66: BiS | H66: 4 | I66: DRUID | J66: Tempest Keep-25 Player | K66: Void Reaver | L66: Mantle of Malorne | M66: n/a | N66: 1 | O66: FALSE | P66: normal | Q66: Armor Token | T66: Zzou-Thunderstrike | U66: =IF(B66="","",B66) -> 46167
A67: Zerleger-Thunderstrike | B67: 46167 | C67: 0.89305556 | D67: Chestguard of the Vanquished Defender | E67: 30237 | F67: item:30237::::::::70 | G67: BiS | H67: 3 | I67: WARRIOR | J67: Tempest Keep-25 Player | K67: Kael'thas Sunstrider | L67: Warbringer Breastplate | M67: n/a | N67: 1 | O67: FALSE | P67: normal | Q67: Armor Token | T67: Zzou-Thunderstrike | U67: =IF(B67="","",B67) -> 46167
A68: Oßa-Thunderstrike | B68: 46167 | C68: 0.89722222 | D68: Phoenix-Ring of Rebirth | E68: 29920 | F68: item:29920::::::::70 | G68: BiS | H68: 0 | I68: SHAMAN | J68: Tempest Keep-25 Player | K68: Al'ar | L68: Ryngo's Band of Ingenuity | M68: Violet Signet of the Archmage | N68: 1 | O68: FALSE | P68: normal | Q68: Miscellaneous | R68: Finger | T68: Zzou-Thunderstrike | U68: =IF(B68="","",B68) -> 46167
A69: Grathmok-Thunderstrike | B69: 46167 | C69: 0.90208333 | D69: Bands of the Celestial Archer | E69: 30026 | F69: item:30026::::::::70 | G69: Upgrade | H69: 1 | I69: SHAMAN | J69: Tempest Keep-25 Player | K69: TK Trash | L69: Stalker's War Bands | M69: n/a | N69: 3 | O69: FALSE | P69: normal | Q69: Mail | R69: Wrist | T69: Zzou-Thunderstrike | U69: =IF(B69="","",B69) -> 46167
A70: Zabipala-Thunderstrike | B70: 46167 | C70: 0.9 | D70: Tome of Fiery Redemption | E70: 30447 | F70: item:30447::::::::70 | G70: Pass | H70: 0 | I70: PALADIN | J70: Tempest Keep-25 Player | K70: Al'ar | L70: Icon of the Silver Crescent | M70: Figurine of the Colossus | N70: PASS | O70: FALSE | P70: normal | Q70: Miscellaneous | R70: Trinket | T70: Zzou-Thunderstrike | U70: =IF(B70="","",B70) -> 46167
A71: Zabipala-Thunderstrike | B71: 46167 | C71: 0.90069444 | D71: Verdant Sphere | E71: 32405 | F71: item:32405::::::::70 | G71: BiS | H71: 2 | I71: PALADIN | J71: Tempest Keep-25 Player | K71: Kael'thas Sunstrider | M71: n/a | N71: 1 | O71: FALSE | P71: normal | Q71: Junk | T71: Zzou-Thunderstrike | U71: =IF(B71="","",B71) -> 46167
A72: Hutro-Thunderstrike | B72: 46167 | C72: 0.89722222 | D72: Heartrazor | E72: 29962 | F72: item:29962::::::::70 | G72: Offspecc | H72: 0 | I72: ROGUE | J72: Tempest Keep-25 Player | K72: High Astromancer Solarian | L72: Gladiator's Slicer | M72: Latro's Shifting Sword | N72: 4 | O72: FALSE | P72: normal | Q72: Daggers | R72: One-Hand | T72: Zzou-Thunderstrike | U72: =IF(B72="","",B72) -> 46167
A73: Reezø-Thunderstrike | B73: 46167 | C73: 0.89444444 | D73: Bark-Gloves of Ancient Wisdom | E73: 30029 | F73: item:30029::::::::70 | G73: Upgrade | H73: 1 | I73: PALADIN | J73: Tempest Keep-25 Player | K73: TK Trash | L73: Mitts of the Treemender | M73: n/a | N73: 3 | O73: FALSE | P73: normal | Q73: Leather | R73: Hands | T73: Zzou-Thunderstrike | U73: =IF(B73="","",B73) -> 46167
A74: Flieege-Thunderstrike | B74: 46170 | C74: 0.84583333 | D74: Leggings of the Vanquished Hero | E74: 30247 | F74: item:30247::::::::70 | G74: BiS | H74: 2 | I74: WARLOCK | J74: Coilfang: Serpentshrine Cavern-25 Player | K74: Fathom-Lord Karathress | L74: Spellstrike Pants | M74: n/a | N74: 1 | O74: FALSE | P74: normal | Q74: Armor Token | T74: Heislbärt-Thunderstrike | U74: =IF(B74="","",B74) -> 46170
A75: Actitibe-Thunderstrike | B75: 46170 | C75: 0.85833333 | D75: Gnarled Chestpiece of the Ancients | E75: 30075 | F75: item:30075::::::::70 | G75: Upgrade | H75: 3 | I75: SHAMAN | J75: Coilfang: Serpentshrine Cavern-25 Player | K75: Morogrim Tidewalker | L75: Stonebough Jerkin | M75: n/a | N75: 3 | O75: FALSE | P75: normal | Q75: Leather | R75: Chest | T75: Heislbärt-Thunderstrike | U75: =IF(B75="","",B75) -> 46170
A76: Actitibe-Thunderstrike | B76: 46170 | C76: 0.89444444 | D76: Tooth of Gruul | E76: 28822 | F76: item:28822::::::::70 | G76: Upgrade | H76: 3 | I76: SHAMAN | J76: Gruuls Lair-25 Player | K76: Gruul the Dragonkiller | L76: Choker of Eternal Hope | M76: n/a | N76: 3 | O76: FALSE | P76: normal | Q76: Miscellaneous | R76: Neck | T76: Heislbärt-Thunderstrike | U76: =IF(B76="","",B76) -> 46170
A77: Fetzine-Thunderstrike | B77: 46170 | C77: 0.87777778 | D77: Helm of the Vanquished Hero | E77: 30244 | F77: item:30244::::::::70 | G77: BiS | H77: 2 | I77: HUNTER | J77: Coilfang: Serpentshrine Cavern-25 Player | K77: Lady Vashj | L77: Beast Lord Helm | M77: n/a | N77: 1 | O77: FALSE | P77: normal | Q77: Armor Token | T77: Heislbärt-Thunderstrike | U77: =IF(B77="","",B77) -> 46170
A78: Fetzine-Thunderstrike | B78: 46170 | C78: 0.89444444 | D78: Pauldrons of the Fallen Hero | E78: 29762 | F78: item:29762::::::::70 | G78: Offspecc | H78: 2 | I78: HUNTER | J78: Gruuls Lair-25 Player | K78: High King Maulgar | L78: Beast Lord Mantle | M78: n/a | N78: 4 | O78: FALSE | P78: normal | Q78: Armor Token | T78: Heislbärt-Thunderstrike | U78: =IF(B78="","",B78) -> 46170
A79: Fetzine-Thunderstrike | B79: 46170 | C79: 0.89444444 | D79: Leggings of the Fallen Hero | E79: 29765 | F79: item:29765::::::::70 | G79: Offspecc | H79: 2 | I79: HUNTER | J79: Gruuls Lair-25 Player | K79: Gruul the Dragonkiller | L79: Beast Lord Leggings | M79: n/a | N79: 4 | O79: FALSE | P79: normal | Q79: Armor Token | T79: Heislbärt-Thunderstrike | U79: =IF(B79="","",B79) -> 46170
A80: Fetzine-Thunderstrike | B80: 46170 | C80: 0.90555556 | D80: Leggings of the Fallen Hero | E80: 29765 | F80: item:29765::::::::70 | G80: Offspecc | H80: 3 | I80: HUNTER | J80: Magtheridons' Lair-25 Player | K80: Gruul the Dragonkiller | L80: Beast Lord Leggings | M80: n/a | N80: 4 | O80: FALSE | P80: normal | Q80: Armor Token | T80: Heislbärt-Thunderstrike | U80: =IF(B80="","",B80) -> 46170
A81: Klaaw-Thunderstrike | B81: 46170 | C81: 0.87777778 | D81: Helm of the Vanquished Hero | E81: 30244 | F81: item:30244::::::::70 | G81: BiS | H81: 3 | I81: HUNTER | J81: Coilfang: Serpentshrine Cavern-25 Player | K81: Lady Vashj | L81: Beast Lord Helm | M81: n/a | N81: 1 | O81: FALSE | P81: normal | Q81: Armor Token | T81: Heislbärt-Thunderstrike | U81: =IF(B81="","",B81) -> 46170
A82: Grathmok-Thunderstrike | B82: 46170 | C82: 0.87777778 | D82: Helm of the Vanquished Champion | E82: 30242 | F82: item:30242::::::::70 | G82: BiS | H82: 3 | I82: SHAMAN | J82: Coilfang: Serpentshrine Cavern-25 Player | K82: Lady Vashj | L82: Cowl of the Defiler | M82: n/a | N82: 1 | O82: FALSE | P82: normal | Q82: Armor Token | T82: Heislbärt-Thunderstrike | U82: =IF(B82="","",B82) -> 46170
A83: Keindaemon-Thunderstrike | B83: 46170 | C83: 0.81527778 | D83: Boots of Effortless Striking | E83: 30060 | F83: item:30060::::::::70 | G83: Offspecc | H83: 3 | I83: DRUID | J83: Coilfang: Serpentshrine Cavern-25 Player | K83: The Lurker Below | L83: Boots of Astral Alignment | M83: n/a | N83: 4 | O83: FALSE | P83: normal | Q83: Leather | R83: Feet | T83: Heislbärt-Thunderstrike | U83: =IF(B83="","",B83) -> 46170
A84: Keindaemon-Thunderstrike | B84: 46170 | C84: 0.84513889 | D84: Sextant of Unstable Currents | E84: 30626 | F84: item:30626::::::::70 | G84: 2nd BiS | H84: 3 | I84: DRUID | J84: Coilfang: Serpentshrine Cavern-25 Player | K84: Fathom-Lord Karathress | L84: Icon of the Silver Crescent | M84: Alchemist Stone | N84: 2 | O84: FALSE | P84: normal | Q84: Miscellaneous | R84: Trinket | T84: Heislbärt-Thunderstrike | U84: =IF(B84="","",B84) -> 46170
A85: Keindaemon-Thunderstrike | B85: 46170 | C85: 0.90555556 | D85: Chestguard of the Fallen Defender | E85: 29753 | F85: item:29753::::::::70 | G85: BiS | H85: 1 | I85: DRUID | J85: Magtheridons' Lair-25 Player | K85: Magtheridon | L85: Robe of Ancestral Writings | M85: n/a | N85: 1 | O85: FALSE | P85: normal | Q85: Armor Token | T85: Heislbärt-Thunderstrike | U85: =IF(B85="","",B85) -> 46170
A86: Keindaemon-Thunderstrike | B86: 46170 | C86: 0.90625 | D86: Head of Magtheridon | E86: 32386 | F86: item:32386::::::::70 | G86: BiS | H86: 3 | I86: DRUID | J86: Magtheridons' Lair-25 Player | K86: Magtheridon | M86: n/a | N86: 1 | O86: FALSE | P86: normal | Q86: Junk | T86: Heislbärt-Thunderstrike | U86: =IF(B86="","",B86) -> 46170
A87: Mardinez-Thunderstrike | B87: 46170 | C87: 0.87986111 | D87: Scepter of Deepsight | E87: 30108 | F87: item:30108::::::::70 | G87: BiS | H87: 3 | I87: PRIEST | J87: Coilfang: Serpentshrine Cavern-25 Player | K87: Lady Vashj — name unverified | L87: Light's Justice | M87: n/a | N87: 1 | O87: FALSE | P87: normal | Q87: One-Handed Maces | R87: Main Hand | T87: Heislbärt-Thunderstrike | U87: =IF(B87="","",B87) -> 46170
A88: Mardinez-Thunderstrike | B88: 46170 | C88: 0.90555556 | D88: Chestguard of the Fallen Defender | E88: 29753 | F88: item:29753::::::::70 | G88: 2nd BiS | H88: 0 | I88: PRIEST | J88: Magtheridons' Lair-25 Player | K88: Magtheridon | L88: Primal Mooncloth Robe | M88: n/a | N88: 2 | O88: FALSE | P88: normal | Q88: Armor Token | T88: Heislbärt-Thunderstrike | U88: =IF(B88="","",B88) -> 46170
A89: Aethrîa-Thunderstrike | B89: 46170 | C89: 0.89444444 | D89: Belt of Divine Inspiration | E89: 28799 | F89: item:28799::::::::70 | G89: Upgrade | H89: 2 | I89: MAGE | J89: Gruuls Lair-25 Player | K89: High King Maulgar | L89: Girdle of Ruination | M89: n/a | N89: 3 | O89: FALSE | P89: normal | Q89: Cloth | R89: Waist | T89: Heislbärt-Thunderstrike | U89: =IF(B89="","",B89) -> 46170
A90: Shreklich-Thunderstrike | B90: 46170 | C90: 0.89444444 | D90: Pauldrons of the Fallen Defender | E90: 29764 | F90: item:29764::::::::70 | G90: BiS | H90: 2 | I90: WARRIOR | J90: Gruuls Lair-25 Player | K90: High King Maulgar | L90: Wrathsteel Shoulders | M90: n/a | N90: 1 | O90: FALSE | P90: normal | Q90: Armor Token | T90: Heislbärt-Thunderstrike | U90: =IF(B90="","",B90) -> 46170
A91: Shreklich-Thunderstrike | B91: 46170 | C91: 0.90625 | D91: Glaive of the Pit | E91: 28774 | F91: item:28774::::::::70 | G91: Offspecc | H91: 2 | I91: WARRIOR | J91: Magtheridons' Lair-25 Player | K91: Magtheridon | L91: Defender's Brilliance | M91: Blade of the Unrequited | N91: 4 | O91: FALSE | P91: normal | Q91: Polearms | R91: Two-Hand | T91: Heislbärt-Thunderstrike | U91: =IF(B91="","",B91) -> 46170
A92: Zabipala-Thunderstrike | B92: 46170 | C92: 0.80208333 | D92: Scarab of Displacement | E92: 30629 | F92: item:30629::::::::70 | G92: Pass | H92: 0 | I92: PALADIN | J92: Coilfang: Serpentshrine Cavern-25 Player | K92: Hydross the Unstable | L92: Icon of the Silver Crescent | M92: Figurine of the Colossus | N92: PASS | O92: FALSE | P92: normal | Q92: Miscellaneous | R92: Trinket | T92: Heislbärt-Thunderstrike | U92: =IF(B92="","",B92) -> 46170
A93: Heislbärt-Thunderstrike | B93: 46170 | C93: 0.84583333 | D93: Leggings of the Vanquished Defender | E93: 30246 | F93: item:30246::::::::70 | G93: BiS | H93: 3 | I93: DRUID | J93: Coilfang: Serpentshrine Cavern-25 Player | K93: Fathom-Lord Karathress | L93: Greaves of Malorne | M93: n/a | N93: 1 | O93: FALSE | P93: normal | Q93: Armor Token | T93: Heislbärt-Thunderstrike | U93: =IF(B93="","",B93) -> 46170
A94: Gerdarogers-Thunderstrike | B94: 46170 | C94: 0.80208333 | D94: Boots of the Shifting Nightmare | E94: 30050 | F94: item:30050::::::::70 | G94: 2nd BiS | H94: 3 | I94: WARLOCK | J94: Coilfang: Serpentshrine Cavern-25 Player | K94: Hydross the Unstable | L94: Extravagant Boots of Malice | M94: n/a | N94: 2 | O94: FALSE | P94: normal | Q94: Cloth | R94: Feet | S94: Hab aktuell arsch Schuhe, aber nur Rezept ist BiS, big upgr | T94: Heislbärt-Thunderstrike | U94: =IF(B94="","",B94) -> 46170
A95: Zerleger-Thunderstrike | B95: 46170 | C95: 0.83680556 | D95: Gloves of the Vanquished Defender | E95: 30240 | F95: item:30240::::::::70 | G95: Upgrade | H95: 2 | I95: WARRIOR | J95: Coilfang: Serpentshrine Cavern-25 Player | K95: Leotheras the Blind | L95: Handguards of Dexterity | M95: n/a | N95: 3 | O95: FALSE | P95: normal | Q95: Armor Token | T95: Heislbärt-Thunderstrike | U95: =IF(B95="","",B95) -> 46170
A96: Zerleger-Thunderstrike | B96: 46170 | C96: 0.87916667 | D96: Belt of One-Hundred Deaths | E96: 30106 | F96: item:30106::::::::70 | G96: BiS | H96: 3 | I96: WARRIOR | J96: Coilfang: Serpentshrine Cavern-25 Player | K96: Lady Vashj | L96: Warlord's Iron-Girdle | M96: n/a | N96: 1 | O96: FALSE | P96: normal | Q96: Leather | R96: Waist | T96: Heislbärt-Thunderstrike | U96: =IF(B96="","",B96) -> 46170
A97: Zerleger-Thunderstrike | B97: 46170 | C97: 0.89097222 | D97: Dragonspine Trophy | E97: 28830 | F97: item:28830::::::::70 | G97: BiS | H97: 2 | I97: WARRIOR | J97: Gruuls Lair-25 Player | K97: Gruul the Dragonkiller | L97: Hourglass of the Unraveler | M97: Brooch of Blood Rage | N97: 1 | O97: FALSE | P97: normal | Q97: Miscellaneous | R97: Trinket | T97: Heislbärt-Thunderstrike | U97: =IF(B97="","",B97) -> 46170
A98: Reezø-Thunderstrike | B98: 46170 | C98: 0.81527778 | D98: Libram of Absolute Truth | E98: 30063 | F98: item:30063::::::::70 | G98: Upgrade | H98: 3 | I98: PALADIN | J98: Coilfang: Serpentshrine Cavern-25 Player | K98: The Lurker Below | M98: n/a | N98: 3 | O98: FALSE | P98: normal | Q98: Librams | R98: Relic | T98: Heislbärt-Thunderstrike | U98: =IF(B98="","",B98) -> 46170
A99: Reezø-Thunderstrike | B99: 46170 | C99: 0.83680556 | D99: Gloves of the Vanquished Champion | E99: 30239 | F99: item:30239::::::::70 | G99: 2nd BiS | H99: 2 | I99: PALADIN | J99: Coilfang: Serpentshrine Cavern-25 Player | K99: Leotheras the Blind | L99: Gauntlets of Renewed Hope | M99: n/a | N99: 2 | O99: FALSE | P99: normal | Q99: Armor Token | T99: Heislbärt-Thunderstrike | U99: =IF(B99="","",B99) -> 46170
A100: Reezø-Thunderstrike | B100: 46170 | C100: 0.83680556 | D100: Spiked Coral Shoulderpads | E100: 30097 | F100: item:30097::::::::70 | G100: Upgrade | H100: 2 | I100: PALADIN | J100: Coilfang: Serpentshrine Cavern-25 Player | K100: SSC Trash | L100: Pauldrons of the Argent Sentinel | M100: n/a | N100: 3 | O100: FALSE | P100: normal | Q100: Mail | R100: Shoulder | T100: Heislbärt-Thunderstrike | U100: =IF(B100="","",B100) -> 46170
...

Sheet Player Lookup
A1: Player Loot Lookup | S1: Players (helper)
S2: {=_xlfn._xlws.SORT(_xlfn.UNIQUE(_xlfn._xlws.FILTER('Loot History'!A2:A1987,'Loot History'!A2:A1987<>"")))} -> Actitibe-Thunderstrike
A3: Select Player: | B3: Spewspew-Thunderstrike | S3: Aethrîa-Thunderstrike
S4: Alàén-Thunderstrike
A5: Item | B5: Instance | C5: Date | D5: Time | E5: Response | S5: Bigfutti-Thunderstrike
A6: {=IF($B$3="","← Select a player above",_xlfn._xlws.FILTER(_xlfn.HSTACK('Loot History'!D2:D176,'Loot History'!J2:J176,'Loot History'!B2:B176,'Loot History'!C2:C176,'Loot History'!G2:G176),'Loot History'!A2:A176=$B$3,"No items found for this player"))} -> Serpent-Coil Braid | B6: Coilfang: Serpentshrine Cavern-25 Player | C6: 46160 | D6: 0.90902778 | E6: BiS | S6: Desquite-Thunderstrike
A7: Pauldrons of the Vanquished Hero | B7: Tempest Keep-25 Player | C7: 46161 | D7: 0.92986111 | E7: BiS | S7: Fetzine-Thunderstrike
A8: Gloves of the Vanquished Hero | B8: Coilfang: Serpentshrine Cavern-25 Player | C8: 46163 | D8: 0.87986111 | E8: BiS | S8: Flieege-Thunderstrike
A9: Chestguard of the Vanquished Hero | B9: Tempest Keep-25 Player | C9: 46174 | D9: 0.84930556 | E9: BiS | S9: Gerdarogers-Thunderstrike
S10: Gorgohc-Thunderstrike
S11: Grathmok-Thunderstrike
S12: Heislbärt-Thunderstrike
S13: Hutro-Thunderstrike
S14: Keindaemon-Thunderstrike
S15: Klaaw-Thunderstrike
S16: Lilyasx-Thunderstrike
S17: Mahway-Thunderstrike
S18: Mardinez-Thunderstrike
S19: Mokrash-Thunderstrike
S20: Mommyfrieren-Thunderstrike
S21: Oßa-Thunderstrike
... S37: Zzou-Thunderstrike

Sheet Dashboard
A1: Loot Council Dashboard | D1: Items & Response by Player
D2: Player | E2: Total | F2: BiS | G2: 2nd BiS | H2: Upgrade | I2: Offspecc | J2: Passen | K2: Other | L2: Class | W2: Items by Boss | Z2: Items per Raid
A3: Total items awarded | B3: =COUNTA('Loot History'!D2:D987) -> 278 | D3: {=IFERROR(_xlfn._xlws.SORT(_xlfn.UNIQUE(_xlfn._xlws.FILTER('Loot History'!A2:A987,'Loot History'!A2:A987<>""))),"")} -> Actitibe-Thunderstrike | E3: =IF(D3="","",COUNTIF('Loot History'!$A:$A,D3)) -> 6 | F3: =IF(D3="","",COUNTIFS('Loot History'!$A:$A,D3,'Loot History'!$G:$G,"BiS")) -> 2 | G3: =IF(D3="","",COUNTIFS('Loot History'!$A:$A,D3,'Loot History'!$G:$G,"2nd BiS")) -> 1 | H3: =IF(D3="","",COUNTIFS('Loot History'!$A:$A,D3,'Loot History'!$G:$G,"Upgrade")) -> 3 | I3: =IF(D3="","",COUNTIFS('Loot History'!$A:$A,D3,'Loot History'!$G:$G,"Offspecc")) -> 0 | J3: =IF(D3="","",COUNTIFS('Loot History'!$A:$A,D3,'Loot History'!$G:$G,"Passen")) -> 0 | K3: =IF(D3="","",IFERROR(E3-F3-G3-H3-I3-J3,0)) -> 0 | L3: =IF(D3="","",IFERROR(INDEX('Loot History'!$I:$I,MATCH(D3,'Loot History'!$A:$A,0)),"")) -> SHAMAN | W3: Boss | X3: Items | Z3: Raid Date | AA3: Items | AB3: Instance
A4: Unique players | B4: {=SUMPRODUCT(('Loot History'!A2:A987<>"")/COUNTIF('Loot History'!A2:A987,'Loot History'!A2:A987&""))} -> 36 | D4: Aethrîa-Thunderstrike | E4: =IF(D4="","",COUNTIF('Loot History'!$A:$A,D4)) -> 9 | F4: =IF(D4="","",COUNTIFS('Loot History'!$A:$A,D4,'Loot History'!$G:$G,"BiS")) -> 7 | G4: =IF(D4="","",COUNTIFS('Loot History'!$A:$A,D4,'Loot History'!$G:$G,"2nd BiS")) -> 0 | H4: =IF(D4="","",COUNTIFS('Loot History'!$A:$A,D4,'Loot History'!$G:$G,"Upgrade")) -> 2 | I4: =IF(D4="","",COUNTIFS('Loot History'!$A:$A,D4,'Loot History'!$G:$G,"Offspecc")) -> 0 | J4: =IF(D4="","",COUNTIFS('Loot History'!$A:$A,D4,'Loot History'!$G:$G,"Passen")) -> 0 | K4: =IF(D4="","",IFERROR(E4-F4-G4-H4-I4-J4,0)) -> 0 | L4: =IF(D4="","",IFERROR(INDEX('Loot History'!$I:$I,MATCH(D4,'Loot History'!$A:$A,0)),"")) -> MAGE | W4: {=IFERROR(_xlfn._xlws.SORT(_xlfn.UNIQUE(_xlfn._xlws.FILTER('Loot History'!K2:K987,'Loot History'!K2:K987<>""))),"")} -> Al'ar | X4: =IF(W4="","",COUNTIF('Loot History'!$K:$K,W4)) -> 16 | Z4: {=IFERROR(_xlfn._xlws.SORT(_xlfn.UNIQUE(_xlfn._xlws.FILTER('Loot History'!B2:B987,'Loot History'!B2:B987<>""))),"")} -> 46160 | AA4: =IF(Z4="","",COUNTIF('Loot History'!$B:$B,Z4)) -> 26 | AB4: =IF(Z4="","",IFERROR(INDEX('Loot History'!$J:$J,MATCH(Z4,'Loot History'!$B:$B,0)),"")) -> Coilfang: Serpentshrine Cavern-25 Player
A5: Raid days | B5: {=SUMPRODUCT(('Loot History'!B2:B987<>"")/COUNTIF('Loot History'!B2:B987,'Loot History'!B2:B987&""))} -> 12 | D5: Alàén-Thunderstrike | E5: =IF(D5="","",COUNTIF('Loot History'!$A:$A,D5)) -> 13 | F5: =IF(D5="","",COUNTIFS('Loot History'!$A:$A,D5,'Loot History'!$G:$G,"BiS")) -> 3 | G5: =IF(D5="","",COUNTIFS('Loot History'!$A:$A,D5,'Loot History'!$G:$G,"2nd BiS")) -> 2 | H5: =IF(D5="","",COUNTIFS('Loot History'!$A:$A,D5,'Loot History'!$G:$G,"Upgrade")) -> 3 | I5: =IF(D5="","",COUNTIFS('Loot History'!$A:$A,D5,'Loot History'!$G:$G,"Offspecc")) -> 5 | J5: =IF(D5="","",COUNTIFS('Loot History'!$A:$A,D5,'Loot History'!$G:$G,"Passen")) -> 0 | K5: =IF(D5="","",IFERROR(E5-F5-G5-H5-I5-J5,0)) -> 0 | L5: =IF(D5="","",IFERROR(INDEX('Loot History'!$I:$I,MATCH(D5,'Loot History'!$A:$A,0)),"")) -> PALADIN | W5: Das Grauen aus der Tiefe | X5: =IF(W5="","",COUNTIF('Loot History'!$K:$K,W5)) -> 3 | Z5: 46161 | AA5: =IF(Z5="","",COUNTIF('Loot History'!$B:$B,Z5)) -> 14 | AB5: =IF(Z5="","",IFERROR(INDEX('Loot History'!$J:$J,MATCH(Z5,'Loot History'!$B:$B,0)),"")) -> Tempest Keep-25 Player
A6: First raid | B6: =_xlfn.MINIFS('Loot History'!B2:B987,'Loot History'!B2:B987,">0") -> 46160 | D6: Bigfutti-Thunderstrike | E6: =IF(D6="","",COUNTIF('Loot History'!$A:$A,D6)) -> 12 | F6: =IF(D6="","",COUNTIFS('Loot History'!$A:$A,D6,'Loot History'!$G:$G,"BiS")) -> 7 | G6: =IF(D6="","",COUNTIFS('Loot History'!$A:$A,D6,'Loot History'!$G:$G,"2nd BiS")) -> 0 | H6: =IF(D6="","",COUNTIFS('Loot History'!$A:$A,D6,'Loot History'!$G:$G,"Upgrade")) -> 1 | I6: =IF(D6="","",COUNTIFS('Loot History'!$A:$A,D6,'Loot History'!$G:$G,"Offspecc")) -> 4 | J6: =IF(D6="","",COUNTIFS('Loot History'!$A:$A,D6,'Loot History'!$G:$G,"Passen")) -> 0 | K6: =IF(D6="","",IFERROR(E6-F6-G6-H6-I6-J6,0)) -> 0 | L6: =IF(D6="","",IFERROR(INDEX('Loot History'!$I:$I,MATCH(D6,'Loot History'!$A:$A,0)),"")) -> PRIEST | W6: Fathom-Lord Karathress | X6: =IF(W6="","",COUNTIF('Loot History'!$K:$K,W6)) -> 20 | Z6: 46163 | AA6: =IF(Z6="","",COUNTIF('Loot History'!$B:$B,Z6)) -> 15 | AB6: =IF(Z6="","",IFERROR(INDEX('Loot History'!$J:$J,MATCH(Z6,'Loot History'!$B:$B,0)),"")) -> Coilfang: Serpentshrine Cavern-25 Player
A7: Last raid | B7: =MAX('Loot History'!B2:B987) -> 46202 | D7: Desquite-Thunderstrike | E7: =IF(D7="","",COUNTIF('Loot History'!$A:$A,D7)) -> 5 | F7: =IF(D7="","",COUNTIFS('Loot History'!$A:$A,D7,'Loot History'!$G:$G,"BiS")) -> 1 | G7: =IF(D7="","",COUNTIFS('Loot History'!$A:$A,D7,'Loot History'!$G:$G,"2nd BiS")) -> 0 | H7: =IF(D7="","",COUNTIFS('Loot History'!$A:$A,D7,'Loot History'!$G:$G,"Upgrade")) -> 0 | I7: =IF(D7="","",COUNTIFS('Loot History'!$A:$A,D7,'Loot History'!$G:$G,"Offspecc")) -> 2 | J7: =IF(D7="","",COUNTIFS('Loot History'!$A:$A,D7,'Loot History'!$G:$G,"Passen")) -> 0 | K7: =IF(D7="","",IFERROR(E7-F7-G7-H7-I7-J7,0)) -> 2 | L7: =IF(D7="","",IFERROR(INDEX('Loot History'!$I:$I,MATCH(D7,'Loot History'!$A:$A,0)),"")) -> PRIEST | W7: Gruul der Drachenschlächter | X7: =IF(W7="","",COUNTIF('Loot History'!$K:$K,W7)) -> 10 | Z7: 46167 | AA7: =IF(Z7="","",COUNTIF('Loot History'!$B:$B,Z7)) -> 17 | AB7: =IF(Z7="","",IFERROR(INDEX('Loot History'!$J:$J,MATCH(Z7,'Loot History'!$B:$B,0)),"")) -> Tempest Keep-25 Player
A8: Bosses killed (loot from) | B8: {=SUMPRODUCT(('Loot History'!K2:K987<>"")/COUNTIF('Loot History'!K2:K987,'Loot History'!K2:K987&""))} -> 28 | D8: Fetzine-Thunderstrike | E8: =IF(D8="","",COUNTIF('Loot History'!$A:$A,D8)) -> 13 | F8: =IF(D8="","",COUNTIFS('Loot History'!$A:$A,D8,'Loot History'!$G:$G,"BiS")) -> 7 | G8: =IF(D8="","",COUNTIFS('Loot History'!$A:$A,D8,'Loot History'!$G:$G,"2nd BiS")) -> 2 | H8: =IF(D8="","",COUNTIFS('Loot History'!$A:$A,D8,'Loot History'!$G:$G,"Upgrade")) -> 0 | I8: =IF(D8="","",COUNTIFS('Loot History'!$A:$A,D8,'Loot History'!$G:$G,"Offspecc")) -> 3 | J8: =IF(D8="","",COUNTIFS('Loot History'!$A:$A,D8,'Loot History'!$G:$G,"Passen")) -> 0 | K8: =IF(D8="","",IFERROR(E8-F8-G8-H8-I8-J8,0)) -> 1 | L8: =IF(D8="","",IFERROR(INDEX('Loot History'!$I:$I,MATCH(D8,'Loot History'!$A:$A,0)),"")) -> HUNTER | W8: Gruul the Dragonkiller | X8: =IF(W8="","",COUNTIF('Loot History'!$K:$K,W8)) -> 10 | Z8: 46170 | AA8: =IF(Z8="","",COUNTIF('Loot History'!$B:$B,Z8)) -> 38 | AB8: =IF(Z8="","",IFERROR(INDEX('Loot History'!$J:$J,MATCH(Z8,'Loot History'!$B:$B,0)),"")) -> Coilfang: Serpentshrine Cavern-25 Player
D9: Flieege-Thunderstrike | E9: =IF(D9="","",COUNTIF('Loot History'!$A:$A,D9)) -> 4 | F9: =IF(D9="","",COUNTIFS('Loot History'!$A:$A,D9,'Loot History'!$G:$G,"BiS")) -> 4 | G9: =IF(D9="","",COUNTIFS('Loot History'!$A:$A,D9,'Loot History'!$G:$G,"2nd BiS")) -> 0 | H9: =IF(D9="","",COUNTIFS('Loot History'!$A:$A,D9,'Loot History'!$G:$G,"Upgrade")) -> 0 | I9: =IF(D9="","",COUNTIFS('Loot History'!$A:$A,D9,'Loot History'!$G:$G,"Offspecc")) -> 0 | J9: =IF(D9="","",COUNTIFS('Loot History'!$A:$A,D9,'Loot History'!$G:$G,"Passen")) -> 0 | K9: =IF(D9="","",IFERROR(E9-F9-G9-H9-I9-J9,0)) -> 0 | L9: =IF(D9="","",IFERROR(INDEX('Loot History'!$I:$I,MATCH(D9,'Loot History'!$A:$A,0)),"")) -> WARLOCK | W9: High Astromancer Solarian | X9: =IF(W9="","",COUNTIF('Loot History'!$K:$K,W9)) -> 16 | Z9: 46174 | AA9: =IF(Z9="","",COUNTIF('Loot History'!$B:$B,Z9)) -> 13 | AB9: =IF(Z9="","",IFERROR(INDEX('Loot History'!$J:$J,MATCH(Z9,'Loot History'!$B:$B,0)),"")) -> Tempest Keep-25 Player
D10: Gerdarogers-Thunderstrike | E10: =IF(D10="","",COUNTIF('Loot History'!$A:$A,D10)) -> 6 | F10: =IF(D10="","",COUNTIFS('Loot History'!$A:$A,D10,'Loot History'!$G:$G,"BiS")) -> 3 | G10: =IF(D10="","",COUNTIFS('Loot History'!$A:$A,D10,'Loot History'!$G:$G,"2nd BiS")) -> 1 | H10: =IF(D10="","",COUNTIFS('Loot History'!$A:$A,D10,'Loot History'!$G:$G,"Upgrade")) -> 1 | I10: =IF(D10="","",COUNTIFS('Loot History'!$A:$A,D10,'Loot History'!$G:$G,"Offspecc")) -> 1 | J10: =IF(D10="","",COUNTIFS('Loot History'!$A:$A,D10,'Loot History'!$G:$G,"Passen")) -> 0 | K10: =IF(D10="","",IFERROR(E10-F10-G10-H10-I10-J10,0)) -> 0 | L10: =IF(D10="","",IFERROR(INDEX('Loot History'!$I:$I,MATCH(D10,'Loot History'!$A:$A,0)),"")) -> WARLOCK | W10: High King Maulgar | X10: =IF(W10="","",COUNTIF('Loot History'!$K:$K,W10)) -> 8 | Z10: 46177 | AA10: =IF(Z10="","",COUNTIF('Loot History'!$B:$B,Z10)) -> 22 | AB10: =IF(Z10="","",IFERROR(INDEX('Loot History'!$J:$J,MATCH(Z10,'Loot History'!$B:$B,0)),"")) -> Coilfang: Serpentshrine Cavern-25 Player
D11: Gorgohc-Thunderstrike | E11: =IF(D11="","",COUNTIF('Loot History'!$A:$A,D11)) -> 4 | F11: =IF(D11="","",COUNTIFS('Loot History'!$A:$A,D11,'Loot History'!$G:$G,"BiS")) -> 0 | G11: =IF(D11="","",COUNTIFS('Loot History'!$A:$A,D11,'Loot History'!$G:$G,"2nd BiS")) -> 0 | H11: =IF(D11="","",COUNTIFS('Loot History'!$A:$A,D11,'Loot History'!$G:$G,"Upgrade")) -> 4 | I11: =IF(D11="","",COUNTIFS('Loot History'!$A:$A,D11,'Loot History'!$G:$G,"Offspecc")) -> 0 | J11: =IF(D11="","",COUNTIFS('Loot History'!$A:$A,D11,'Loot History'!$G:$G,"Passen")) -> 0 | K11: =IF(D11="","",IFERROR(E11-F11-G11-H11-I11-J11,0)) -> 0 | L11: =IF(D11="","",IFERROR(INDEX('Loot History'!$I:$I,MATCH(D11,'Loot History'!$A:$A,0)),"")) -> PALADIN | W11: Hochastromantin Solarian | X11: =IF(W11="","",COUNTIF('Loot History'!$K:$K,W11)) -> 3 | Z11: 46181 | AA11: =IF(Z11="","",COUNTIF('Loot History'!$B:$B,Z11)) -> 27 | AB11: =IF(Z11="","",IFERROR(INDEX('Loot History'!$J:$J,MATCH(Z11,'Loot History'!$B:$B,0)),"")) -> Tempest Keep-25 Player
D12: Grathmok-Thunderstrike | E12: =IF(D12="","",COUNTIF('Loot History'!$A:$A,D12)) -> 6 | F12: =IF(D12="","",COUNTIFS('Loot History'!$A:$A,D12,'Loot History'!$G:$G,"BiS")) -> 4 | G12: =IF(D12="","",COUNTIFS('Loot History'!$A:$A,D12,'Loot History'!$G:$G,"2nd BiS")) -> 0 | H12: =IF(D12="","",COUNTIFS('Loot History'!$A:$A,D12,'Loot History'!$G:$G,"Upgrade")) -> 1 | I12: =IF(D12="","",COUNTIFS('Loot History'!$A:$A,D12,'Loot History'!$G:$G,"Offspecc")) -> 1 | J12: =IF(D12="","",COUNTIFS('Loot History'!$A:$A,D12,'Loot History'!$G:$G,"Passen")) -> 0 | K12: =IF(D12="","",IFERROR(E12-F12-G12-H12-I12-J12,0)) -> 0 | L12: =IF(D12="","",IFERROR(INDEX('Loot History'!$I:$I,MATCH(D12,'Loot History'!$A:$A,0)),"")) -> SHAMAN | W12: Hochkönig Maulgar | X12: =IF(W12="","",COUNTIF('Loot History'!$K:$K,W12)) -> 2 | Z12: 46188 | AA12: =IF(Z12="","",COUNTIF('Loot History'!$B:$B,Z12)) -> 38 | AB12: =IF(Z12="","",IFERROR(INDEX('Loot History'!$J:$J,MATCH(Z12,'Loot History'!$B:$B,0)),"")) -> Coilfang: Serpentshrine Cavern-25 Player
D13: Heislbärt-Thunderstrike | E13: =IF(D13="","",COUNTIF('Loot History'!$A:$A,D13)) -> 7 | F13: =IF(D13="","",COUNTIFS('Loot History'!$A:$A,D13,'Loot History'!$G:$G,"BiS")) -> 6 | G13: =IF(D13="","",COUNTIFS('Loot History'!$A:$A,D13,'Loot History'!$G:$G,"2nd BiS")) -> 0 | H13: =IF(D13="","",COUNTIFS('Loot History'!$A:$A,D13,'Loot History'!$G:$G,"Upgrade")) -> 0 | I13: =IF(D13="","",COUNTIFS('Loot History'!$A:$A,D13,'Loot History'!$G:$G,"Offspecc")) -> 0 | J13: =IF(D13="","",COUNTIFS('Loot History'!$A:$A,D13,'Loot History'!$G:$G,"Passen")) -> 0 | K13: =IF(D13="","",IFERROR(E13-F13-G13-H13-I13-J13,0)) -> 1 | L13: =IF(D13="","",IFERROR(INDEX('Loot History'!$I:$I,MATCH(D13,'Loot History'!$A:$A,0)),"")) -> DRUID | W13: Hydross der Unstete | X13: =IF(W13="","",COUNTIF('Loot History'!$K:$K,W13)) -> 3 | Z13: 46195 | AA13: =IF(Z13="","",COUNTIF('Loot History'!$B:$B,Z13)) -> 21 | AB13: =IF(Z13="","",IFERROR(INDEX('Loot History'!$J:$J,MATCH(Z13,'Loot History'!$B:$B,0)),"")) -> Tempest Keep-25 Player
D14: Hutro-Thunderstrike | E14: =IF(D14="","",COUNTIF('Loot History'!$A:$A,D14)) -> 6 | F14: =IF(D14="","",COUNTIFS('Loot History'!$A:$A,D14,'Loot History'!$G:$G,"BiS")) -> 5 | G14: =IF(D14="","",COUNTIFS('Loot History'!$A:$A,D14,'Loot History'!$G:$G,"2nd BiS")) -> 0 | H14: =IF(D14="","",COUNTIFS('Loot History'!$A:$A,D14,'Loot History'!$G:$G,"Upgrade")) -> 0 | I14: =IF(D14="","",COUNTIFS('Loot History'!$A:$A,D14,'Loot History'!$G:$G,"Offspecc")) -> 1 | J14: =IF(D14="","",COUNTIFS('Loot History'!$A:$A,D14,'Loot History'!$G:$G,"Passen")) -> 0 | K14: =IF(D14="","",IFERROR(E14-F14-G14-H14-I14-J14,0)) -> 0 | L14: =IF(D14="","",IFERROR(INDEX('Loot History'!$I:$I,MATCH(D14,'Loot History'!$A:$A,0)),"")) -> ROGUE | W14: Hydross the Unstable | X14: =IF(W14="","",COUNTIF('Loot History'!$K:$K,W14)) -> 11 | Z14: 46198 | AA14: =IF(Z14="","",COUNTIF('Loot History'!$B:$B,Z14)) -> 22 | AB14: =IF(Z14="","",IFERROR(INDEX('Loot History'!$J:$J,MATCH(Z14,'Loot History'!$B:$B,0)),"")) -> Coilfang: Serpentshrine Cavern-25 Player
D15: Keindaemon-Thunderstrike | E15: =IF(D15="","",COUNTIF('Loot History'!$A:$A,D15)) -> 13 | F15: =IF(D15="","",COUNTIFS('Loot History'!$A:$A,D15,'Loot History'!$G:$G,"BiS")) -> 8 | G15: =IF(D15="","",COUNTIFS('Loot History'!$A:$A,D15,'Loot History'!$G:$G,"2nd BiS")) -> 1 | H15: =IF(D15="","",COUNTIFS('Loot History'!$A:$A,D15,'Loot History'!$G:$G,"Upgrade")) -> 2 | I15: =IF(D15="","",COUNTIFS('Loot History'!$A:$A,D15,'Loot History'!$G:$G,"Offspecc")) -> 2 | J15: =IF(D15="","",COUNTIFS('Loot History'!$A:$A,D15,'Loot History'!$G:$G,"Passen")) -> 0 | K15: =IF(D15="","",IFERROR(E15-F15-G15-H15-I15-J15,0)) -> 0 | L15: =IF(D15="","",IFERROR(INDEX('Loot History'!$I:$I,MATCH(D15,'Loot History'!$A:$A,0)),"")) -> DRUID | W15: Kael'thas Sonnenwanderer | X15: =IF(W15="","",COUNTIF('Loot History'!$K:$K,W15)) -> 12 | Z15: 46202 | AA15: =IF(Z15="","",COUNTIF('Loot History'!$B:$B,Z15)) -> 25 | AB15: =IF(Z15="","",IFERROR(INDEX('Loot History'!$J:$J,MATCH(Z15,'Loot History'!$B:$B,0)),"")) -> Gruuls Lair-25 Player
D16: Klaaw-Thunderstrike | E16: =IF(D16="","",COUNTIF('Loot History'!$A:$A,D16)) -> 7 | F16: =IF(D16="","",COUNTIFS('Loot History'!$A:$A,D16,'Loot History'!$G:$G,"BiS")) -> 4 | G16: =IF(D16="","",COUNTIFS('Loot History'!$A:$A,D16,'Loot History'!$G:$G,"2nd BiS")) -> 2 | H16: =IF(D16="","",COUNTIFS('Loot History'!$A:$A,D16,'Loot History'!$G:$G,"Upgrade")) -> 1 | I16: =IF(D16="","",COUNTIFS('Loot History'!$A:$A,D16,'Loot History'!$G:$G,"Offspecc")) -> 0 | J16: =IF(D16="","",COUNTIFS('Loot History'!$A:$A,D16,'Loot History'!$G:$G,"Passen")) -> 0 | K16: =IF(D16="","",IFERROR(E16-F16-G16-H16-I16-J16,0)) -> 0 | L16: =IF(D16="","",IFERROR(INDEX('Loot History'!$I:$I,MATCH(D16,'Loot History'!$A:$A,0)),"")) -> HUNTER | W16: Kael'thas Sunstrider | X16: =IF(W16="","",COUNTIF('Loot History'!$K:$K,W16)) -> 22 | AA16: =IF(Z16="","",COUNTIF('Loot History'!$B:$B,Z16)) | AB16: =IF(Z16="","",IFERROR(INDEX('Loot History'!$J:$J,MATCH(Z16,'Loot History'!$B:$B,0)),""))
D17: Lilyasx-Thunderstrike | E17: =IF(D17="","",COUNTIF('Loot History'!$A:$A,D17)) -> 2 | F17: =IF(D17="","",COUNTIFS('Loot History'!$A:$A,D17,'Loot History'!$G:$G,"BiS")) -> 0 | G17: =IF(D17="","",COUNTIFS('Loot History'!$A:$A,D17,'Loot History'!$G:$G,"2nd BiS")) -> 1 | H17: =IF(D17="","",COUNTIFS('Loot History'!$A:$A,D17,'Loot History'!$G:$G,"Upgrade")) -> 1 | I17: =IF(D17="","",COUNTIFS('Loot History'!$A:$A,D17,'Loot History'!$G:$G,"Offspecc")) -> 0 | J17: =IF(D17="","",COUNTIFS('Loot History'!$A:$A,D17,'Loot History'!$G:$G,"Passen")) -> 0 | K17: =IF(D17="","",IFERROR(E17-F17-G17-H17-I17-J17,0)) -> 0 | L17: =IF(D17="","",IFERROR(INDEX('Loot History'!$I:$I,MATCH(D17,'Loot History'!$A:$A,0)),"")) -> DRUID | W17: Lady Vashj | X17: =IF(W17="","",COUNTIF('Loot History'!$K:$K,W17)) -> 23 | AA17: =IF(Z17="","",COUNTIF('Loot History'!$B:$B,Z17)) | AB17: =IF(Z17="","",IFERROR(INDEX('Loot History'!$J:$J,MATCH(Z17,'Loot History'!$B:$B,0)),""))
D18: Mahway-Thunderstrike | E18: =IF(D18="","",COUNTIF('Loot History'!$A:$A,D18)) -> 6 | F18: =IF(D18="","",COUNTIFS('Loot History'!$A:$A,D18,'Loot History'!$G:$G,"BiS")) -> 1 | G18: =IF(D18="","",COUNTIFS('Loot History'!$A:$A,D18,'Loot History'!$G:$G,"2nd BiS")) -> 3 | H18: =IF(D18="","",COUNTIFS('Loot History'!$A:$A,D18,'Loot History'!$G:$G,"Upgrade")) -> 2 | I18: =IF(D18="","",COUNTIFS('Loot History'!$A:$A,D18,'Loot History'!$G:$G,"Offspecc")) -> 0 | J18: =IF(D18="","",COUNTIFS('Loot History'!$A:$A,D18,'Loot History'!$G:$G,"Passen")) -> 0 | K18: =IF(D18="","",IFERROR(E18-F18-G18-H18-I18-J18,0)) -> 0 | L18: =IF(D18="","",IFERROR(INDEX('Loot History'!$I:$I,MATCH(D18,'Loot History'!$A:$A,0)),"")) -> SHAMAN | W18: Lady Vashj — name unverified | X18: =IF(W18="","",COUNTIF('Loot History'!$K:$K,W18)) -> 1 | AA18: =IF(Z18="","",COUNTIF('Loot History'!$B:$B,Z18)) | AB18: =IF(Z18="","",IFERROR(INDEX('Loot History'!$J:$J,MATCH(Z18,'Loot History'!$B:$B,0)),""))
D19: Mardinez-Thunderstrike | E19: =IF(D19="","",COUNTIF('Loot History'!$A:$A,D19)) -> 9 | F19: =IF(D19="","",COUNTIFS('Loot History'!$A:$A,D19,'Loot History'!$G:$G,"BiS")) -> 7 | G19: =IF(D19="","",COUNTIFS('Loot History'!$A:$A,D19,'Loot History'!$G:$G,"2nd BiS")) -> 2 | H19: =IF(D19="","",COUNTIFS('Loot History'!$A:$A,D19,'Loot History'!$G:$G,"Upgrade")) -> 0 | I19: =IF(D19="","",COUNTIFS('Loot History'!$A:$A,D19,'Loot History'!$G:$G,"Offspecc")) -> 0 | J19: =IF(D19="","",COUNTIFS('Loot History'!$A:$A,D19,'Loot History'!$G:$G,"Passen")) -> 0 | K19: =IF(D19="","",IFERROR(E19-F19-G19-H19-I19-J19,0)) -> 0 | L19: =IF(D19="","",IFERROR(INDEX('Loot History'!$I:$I,MATCH(D19,'Loot History'!$A:$A,0)),"")) -> PRIEST | W19: Leerhäscher | X19: =IF(W19="","",COUNTIF('Loot History'!$K:$K,W19)) -> 9 | AA19: =IF(Z19="","",COUNTIF('Loot History'!$B:$B,Z19)) | AB19: =IF(Z19="","",IFERROR(INDEX('Loot History'!$J:$J,MATCH(Z19,'Loot History'!$B:$B,0)),""))
D20: Mokrash-Thunderstrike | E20: =IF(D20="","",COUNTIF('Loot History'!$A:$A,D20)) -> 10 | F20: =IF(D20="","",COUNTIFS('Loot History'!$A:$A,D20,'Loot History'!$G:$G,"BiS")) -> 7 | G20: =IF(D20="","",COUNTIFS('Loot History'!$A:$A,D20,'Loot History'!$G:$G,"2nd BiS")) -> 0 | H20: =IF(D20="","",COUNTIFS('Loot History'!$A:$A,D20,'Loot History'!$G:$G,"Upgrade")) -> 1 | I20: =IF(D20="","",COUNTIFS('Loot History'!$A:$A,D20,'Loot History'!$G:$G,"Offspecc")) -> 1 | J20: =IF(D20="","",COUNTIFS('Loot History'!$A:$A,D20,'Loot History'!$G:$G,"Passen")) -> 0 | K20: =IF(D20="","",IFERROR(E20-F20-G20-H20-I20-J20,0)) -> 1 | L20: =IF(D20="","",IFERROR(INDEX('Loot History'!$I:$I,MATCH(D20,'Loot History'!$A:$A,0)),"")) -> WARRIOR | W20: Leotheras der Blinde | X20: =IF(W20="","",COUNTIF('Loot History'!$K:$K,W20)) -> 4 | AA20: =IF(Z20="","",COUNTIF('Loot History'!$B:$B,Z20)) | AB20: =IF(Z20="","",IFERROR(INDEX('Loot History'!$J:$J,MATCH(Z20,'Loot History'!$B:$B,0)),""))
D21: Mommyfrieren-Thunderstrike | E21: =IF(D21="","",COUNTIF('Loot History'!$A:$A,D21)) -> 5 | F21: =IF(D21="","",COUNTIFS('Loot History'!$A:$A,D21,'Loot History'!$G:$G,"BiS")) -> 4 | G21: =IF(D21="","",COUNTIFS('Loot History'!$A:$A,D21,'Loot History'!$G:$G,"2nd BiS")) -> 0 | H21: =IF(D21="","",COUNTIFS('Loot History'!$A:$A,D21,'Loot History'!$G:$G,"Upgrade")) -> 0 | I21: =IF(D21="","",COUNTIFS('Loot History'!$A:$A,D21,'Loot History'!$G:$G,"Offspecc")) -> 1 | J21: =IF(D21="","",COUNTIFS('Loot History'!$A:$A,D21,'Loot History'!$G:$G,"Passen")) -> 0 | K21: =IF(D21="","",IFERROR(E21-F21-G21-H21-I21-J21,0)) -> 0 | L21: =IF(D21="","",IFERROR(INDEX('Loot History'!$I:$I,MATCH(D21,'Loot History'!$A:$A,0)),"")) -> WARLOCK | W21: Leotheras the Blind | X21: =IF(W21="","",COUNTIF('Loot History'!$K:$K,W21)) -> 14 | AA21: =IF(Z21="","",COUNTIF('Loot History'!$B:$B,Z21)) | AB21: =IF(Z21="","",IFERROR(INDEX('Loot History'!$J:$J,MATCH(Z21,'Loot History'!$B:$B,0)),""))
D22: Oßa-Thunderstrike | E22: =IF(D22="","",COUNTIF('Loot History'!$A:$A,D22)) -> 9 | F22: =IF(D22="","",COUNTIFS('Loot History'!$A:$A,D22,'Loot History'!$G:$G,"BiS")) -> 5 | G22: =IF(D22="","",COUNTIFS('Loot History'!$A:$A,D22,'Loot History'!$G:$G,"2nd BiS")) -> 0 | H22: =IF(D22="","",COUNTIFS('Loot History'!$A:$A,D22,'Loot History'!$G:$G,"Upgrade")) -> 2 | I22: =IF(D22="","",COUNTIFS('Loot History'!$A:$A,D22,'Loot History'!$G:$G,"Offspecc")) -> 1 | J22: =IF(D22="","",COUNTIFS('Loot History'!$A:$A,D22,'Loot History'!$G:$G,"Passen")) -> 0 | K22: =IF(D22="","",IFERROR(E22-F22-G22-H22-I22-J22,0)) -> 1 | L22: =IF(D22="","",IFERROR(INDEX('Loot History'!$I:$I,MATCH(D22,'Loot History'!$A:$A,0)),"")) -> SHAMAN | W22: Magtheridon | AA22: =IF(Z22="","",COUNTIF('Loot History'!$B:$B,Z22)) | AB22: =IF(Z22="","",IFERROR(INDEX('Loot History'!$J:$J,MATCH(Z22,'Loot History'!$B:$B,0)),""))
D23: Razoga-Thunderstrike | E23: =IF(D23="","",COUNTIF('Loot History'!$A:$A,D23)) -> 1 | F23: =IF(D23="","",COUNTIFS('Loot History'!$A:$A,D23,'Loot History'!$G:$G,"BiS")) -> 1 | G23: =IF(D23="","",COUNTIFS('Loot History'!$A:$A,D23,'Loot History'!$G:$G,"2nd BiS")) -> 0 | H23: =IF(D23="","",COUNTIFS('Loot History'!$A:$A,D23,'Loot History'!$G:$G,"Upgrade")) -> 0 | I23: =IF(D23="","",COUNTIFS('Loot History'!$A:$A,D23,'Loot History'!$G:$G,"Offspecc")) -> 0 | J23: =IF(D23="","",COUNTIFS('Loot History'!$A:$A,D23,'Loot History'!$G:$G,"Passen")) -> 0 | K23: =IF(D23="","",IFERROR(E23-F23-G23-H23-I23-J23,0)) -> 0 | L23: =IF(D23="","",IFERROR(INDEX('Loot History'!$I:$I,MATCH(D23,'Loot History'!$A:$A,0)),"")) -> SHAMAN | W23: Morogrim Gezeitenwandler | AA23: =IF(Z23="","",COUNTIF('Loot History'!$B:$B,Z23)) | AB23: =IF(Z23="","",IFERROR(INDEX('Loot History'!$J:$J,MATCH(Z23,'Loot History'!$B:$B,0)),""))
D24: Reazø-Thunderstrike | E24: =IF(D24="","",COUNTIF('Loot History'!$A:$A,D24)) -> 5 | F24: =IF(D24="","",COUNTIFS('Loot History'!$A:$A,D24,'Loot History'!$G:$G,"BiS")) -> 3 | G24: =IF(D24="","",COUNTIFS('Loot History'!$A:$A,D24,'Loot History'!$G:$G,"2nd BiS")) -> 0 | H24: =IF(D24="","",COUNTIFS('Loot History'!$A:$A,D24,'Loot History'!$G:$G,"Upgrade")) -> 0 | I24: =IF(D24="","",COUNTIFS('Loot History'!$A:$A,D24,'Loot History'!$G:$G,"Offspecc")) -> 2 | J24: =IF(D24="","",COUNTIFS('Loot History'!$A:$A,D24,'Loot History'!$G:$G,"Passen")) -> 0 | K24: =IF(D24="","",IFERROR(E24-F24-G24-H24-I24-J24,0)) -> 0 | L24: =IF(D24="","",IFERROR(INDEX('Loot History'!$I:$I,MATCH(D24,'Loot History'!$A:$A,0)),"")) -> DRUID | W24: Morogrim Tidewalker | AA24: =IF(Z24="","",COUNTIF('Loot History'!$B:$B,Z24)) | AB24: =IF(Z24="","",IFERROR(INDEX('Loot History'!$J:$J,MATCH(Z24,'Loot History'!$B:$B,0)),""))
D25: Reezø-Thunderstrike | E25: =IF(D25="","",COUNTIF('Loot History'!$A:$A,D25)) -> 15 | F25: =IF(D25="","",COUNTIFS('Loot History'!$A:$A,D25,'Loot History'!$G:$G,"BiS")) -> 6 | G25: =IF(D25="","",COUNTIFS('Loot History'!$A:$A,D25,'Loot History'!$G:$G,"2nd BiS")) -> 4 | H25: =IF(D25="","",COUNTIFS('Loot History'!$A:$A,D25,'Loot History'!$G:$G,"Upgrade")) -> 4 | I25: =IF(D25="","",COUNTIFS('Loot History'!$A:$A,D25,'Loot History'!$G:$G,"Offspecc")) -> 1 | J25: =IF(D25="","",COUNTIFS('Loot History'!$A:$A,D25,'Loot History'!$G:$G,"Passen")) -> 0 | K25: =IF(D25="","",IFERROR(E25-F25-G25-H25-I25-J25,0)) -> 0 | L25: =IF(D25="","",IFERROR(INDEX('Loot History'!$I:$I,MATCH(D25,'Loot History'!$A:$A,0)),"")) -> PALADIN | W25: SSC / TK Trash | AA25: =IF(Z25="","",COUNTIF('Loot History'!$B:$B,Z25)) | AB25: =IF(Z25="","",IFERROR(INDEX('Loot History'!$J:$J,MATCH(Z25,'Loot History'!$B:$B,0)),""))
D26: Ribsz-Thunderstrike | E26: =IF(D26="","",COUNTIF('Loot History'!$A:$A,D26)) -> 6 | F26: =IF(D26="","",COUNTIFS('Loot History'!$A:$A,D26,'Loot History'!$G:$G,"BiS")) -> 2 | G26: =IF(D26="","",COUNTIFS('Loot History'!$A:$A,D26,'Loot History'!$G:$G,"2nd BiS")) -> 4 | H26: =IF(D26="","",COUNTIFS('Loot History'!$A:$A,D26,'Loot History'!$G:$G,"Upgrade")) -> 0 | I26: =IF(D26="","",COUNTIFS('Loot History'!$A:$A,D26,'Loot History'!$G:$G,"Offspecc")) -> 0 | J26: =IF(D26="","",COUNTIFS('Loot History'!$A:$A,D26,'Loot History'!$G:$G,"Passen")) -> 0 | K26: =IF(D26="","",IFERROR(E26-F26-G26-H26-I26-J26,0)) -> 0 | L26: =IF(D26="","",IFERROR(INDEX('Loot History'!$I:$I,MATCH(D26,'Loot History'!$A:$A,0)),"")) -> MAGE | W26: SSC Trash | AA26: =IF(Z26="","",COUNTIF('Loot History'!$B:$B,Z26)) | AB26: =IF(Z26="","",IFERROR(INDEX('Loot History'!$J:$J,MATCH(Z26,'Loot History'!$B:$B,0)),""))
D27: Sanderon-Thunderstrike | E27: =IF(D27="","",COUNTIF('Loot History'!$A:$A,D27)) -> 2 | F27: =IF(D27="","",COUNTIFS('Loot History'!$A:$A,D27,'Loot History'!$G:$G,"BiS")) -> 2 | G27: =IF(D27="","",COUNTIFS('Loot History'!$A:$A,D27,'Loot History'!$G:$G,"2nd BiS")) -> 0 | H27: =IF(D27="","",COUNTIFS('Loot History'!$A:$A,D27,'Loot History'!$G:$G,"Upgrade")) -> 0 | I27: =IF(D27="","",COUNTIFS('Loot History'!$A:$A,D27,'Loot History'!$G:$G,"Offspecc")) -> 0 | J27: =IF(D27="","",COUNTIFS('Loot History'!$A:$A,D27,'Loot History'!$G:$G,"Passen")) -> 0 | K27: =IF(D27="","",IFERROR(E27-F27-G27-H27-I27-J27,0)) -> 0 | L27: =IF(D27="","",IFERROR(INDEX('Loot History'!$I:$I,MATCH(D27,'Loot History'!$A:$A,0)),"")) -> PRIEST | W27: The Lurker Below | AA27: =IF(Z27="","",COUNTIF('Loot History'!$B:$B,Z27)) | AB27: =IF(Z27="","",IFERROR(INDEX('Loot History'!$J:$J,MATCH(Z27,'Loot History'!$B:$B,0)),""))
D28: Shreklich-Thunderstrike | E28: =IF(D28="","",COUNTIF('Loot History'!$A:$A,D28)) -> 4 | F28: =IF(D28="","",COUNTIFS('Loot History'!$A:$A,D28,'Loot History'!$G:$G,"BiS")) -> 2 | G28: =IF(D28="","",COUNTIFS('Loot History'!$A:$A,D28,'Loot History'!$G:$G,"2nd BiS")) -> 0 | H28: =IF(D28="","",COUNTIFS('Loot History'!$A:$A,D28,'Loot History'!$G:$G,"Upgrade")) -> 1 | I28: =IF(D28="","",COUNTIFS('Loot History'!$A:$A,D28,'Loot History'!$G:$G,"Offspecc")) -> 1 | J28: =IF(D28="","",COUNTIFS('Loot History'!$A:$A,D28,'Loot History'!$G:$G,"Passen")) -> 0 | K28: =IF(D28="","",IFERROR(E28-F28-G28-H28-I28-J28,0)) -> 0 | L28: =IF(D28="","",IFERROR(INDEX('Loot History'!$I:$I,MATCH(D28,'Loot History'!$A:$A,0)),"")) -> WARRIOR | W28: Tiefenlord Karathress | AA28: =IF(Z28="","",COUNTIF('Loot History'!$B:$B,Z28)) | AB28: =IF(Z28="","",IFERROR(INDEX('Loot History'!$J:$J,MATCH(Z28,'Loot History'!$B:$B,0)),""))
D29: Spewspew-Thunderstrike | E29: =IF(D29="","",COUNTIF('Loot History'!$A:$A,D29)) -> 6 | F29: =IF(D29="","",COUNTIFS('Loot History'!$A:$A,D29,'Loot History'!$G:$G,"BiS")) -> 6 | G29: =IF(D29="","",COUNTIFS('Loot History'!$A:$A,D29,'Loot History'!$G:$G,"2nd BiS")) -> 0 | H29: =IF(D29="","",COUNTIFS('Loot History'!$A:$A,D29,'Loot History'!$G:$G,"Upgrade")) -> 0 | I29: =IF(D29="","",COUNTIFS('Loot History'!$A:$A,D29,'Loot History'!$G:$G,"Offspecc")) -> 0 | J29: =IF(D29="","",COUNTIFS('Loot History'!$A:$A,D29,'Loot History'!$G:$G,"Passen")) -> 0 | K29: =IF(D29="","",IFERROR(E29-F29-G29-H29-I29-J29,0)) -> 0 | L29: =IF(D29="","",IFERROR(INDEX('Loot History'!$I:$I,MATCH(D29,'Loot History'!$A:$A,0)),"")) -> MAGE | W29: TK Trash | AA29: =IF(Z29="","",COUNTIF('Loot History'!$B:$B,Z29)) | AB29: =IF(Z29="","",IFERROR(INDEX('Loot History'!$J:$J,MATCH(Z29,'Loot History'!$B:$B,0)),""))
D30: Supmyaeth-Thunderstrike | E30: =IF(D30="","",COUNTIF('Loot History'!$A:$A,D30)) -> 9 | F30: =IF(D30="","",COUNTIFS('Loot History'!$A:$A,D30,'Loot History'!$G:$G,"BiS")) -> 5 | G30: =IF(D30="","",COUNTIFS('Loot History'!$A:$A,D30,'Loot History'!$G:$G,"2nd BiS")) -> 1 | H30: =IF(D30="","",COUNTIFS('Loot History'!$A:$A,D30,'Loot History'!$G:$G,"Upgrade")) -> 2 | I30: =IF(D30="","",COUNTIFS('Loot History'!$A:$A,D30,'Loot History'!$G:$G,"Offspecc")) -> 1 | J30: =IF(D30="","",COUNTIFS('Loot History'!$A:$A,D30,'Loot History'!$G:$G,"Passen")) -> 0 | K30: =IF(D30="","",IFERROR(E30-F30-G30-H30-I30-J30,0)) -> 0 | L30: =IF(D30="","",IFERROR(INDEX('Loot History'!$I:$I,MATCH(D30,'Loot History'!$A:$A,0)),"")) -> SHAMAN | W30: Unbekannt | AA30: =IF(Z30="","",COUNTIF('Loot History'!$B:$B,Z30)) | AB30: =IF(Z30="","",IFERROR(INDEX('Loot History'!$J:$J,MATCH(Z30,'Loot History'!$B:$B,0)),""))
D31: Tastycake-Thunderstrike | E31: =IF(D31="","",COUNTIF('Loot History'!$A:$A,D31)) -> 6 | F31: =IF(D31="","",COUNTIFS('Loot History'!$A:$A,D31,'Loot History'!$G:$G,"BiS")) -> 3 | G31: =IF(D31="","",COUNTIFS('Loot History'!$A:$A,D31,'Loot History'!$G:$G,"2nd BiS")) -> 1 | H31: =IF(D31="","",COUNTIFS('Loot History'!$A:$A,D31,'Loot History'!$G:$G,"Upgrade")) -> 2 | I31: =IF(D31="","",COUNTIFS('Loot History'!$A:$A,D31,'Loot History'!$G:$G,"Offspecc")) -> 0 | J31: =IF(D31="","",COUNTIFS('Loot History'!$A:$A,D31,'Loot History'!$G:$G,"Passen")) -> 0 | K31: =IF(D31="","",IFERROR(E31-F31-G31-H31-I31-J31,0)) -> 0 | L31: =IF(D31="","",IFERROR(INDEX('Loot History'!$I:$I,MATCH(D31,'Loot History'!$A:$A,0)),"")) -> MAGE | W31: Void Reaver | AA31: =IF(Z31="","",COUNTIF('Loot History'!$B:$B,Z31)) | AB31: =IF(Z31="","",IFERROR(INDEX('Loot History'!$J:$J,MATCH(Z31,'Loot History'!$B:$B,0)),""))
D32: Tommypenn-Thunderstrike | E32: =IF(D32="","",COUNTIF('Loot History'!$A:$A,D32)) -> 8 | F32: =IF(D32="","",COUNTIFS('Loot History'!$A:$A,D32,'Loot History'!$G:$G,"BiS")) -> 4 | G32: =IF(D32="","",COUNTIFS('Loot History'!$A:$A,D32,'Loot History'!$G:$G,"2nd BiS")) -> 0 | H32: =IF(D32="","",COUNTIFS('Loot History'!$A:$A,D32,'Loot History'!$G:$G,"Upgrade")) -> 0 | I32: =IF(D32="","",COUNTIFS('Loot History'!$A:$A,D32,'Loot History'!$G:$G,"Offspecc")) -> 4 | J32: =IF(D32="","",COUNTIFS('Loot History'!$A:$A,D32,'Loot History'!$G:$G,"Passen")) -> 0 | K32: =IF(D32="","",IFERROR(E32-F32-G32-H32-I32-J32,0)) -> 0 | L32: =IF(D32="","",IFERROR(INDEX('Loot History'!$I:$I,MATCH(D32,'Loot History'!$A:$A,0)),"")) -> SHAMAN | AA32: =IF(Z32="","",COUNTIF('Loot History'!$B:$B,Z32)) | AB32: =IF(Z32="","",IFERROR(INDEX('Loot History'!$J:$J,MATCH(Z32,'Loot History'!$B:$B,0)),""))
D33: Tuarendrood-Thunderstrike | AA33: =IF(Z33="","",COUNTIF('Loot History'!$B:$B,Z33)) | AB33: =IF(Z33="","",IFERROR(INDEX('Loot History'!$J:$J,MATCH(Z33,'Loot History'!$B:$B,0)),""))
D34: Xænd-Thunderstrike | AA34: =IF(Z34="","",COUNTIF('Loot History'!$B:$B,Z34)) | AB34: =IF(Z34="","",IFERROR(INDEX('Loot History'!$J:$J,MATCH(Z34,'Loot History'!$B:$B,0)),""))
D35: Xaganat-Thunderstrike | AA35: =IF(Z35="","",COUNTIF('Loot History'!$B:$B,Z35)) | AB35: =IF(Z35="","",IFERROR(INDEX('Loot History'!$J:$J,MATCH(Z35,'Loot History'!$B:$B,0)),""))
D36: Zabipala-Thunderstrike | AA36: =IF(Z36="","",COUNTIF('Loot History'!$B:$B,Z36)) | AB36: =IF(Z36="","",IFERROR(INDEX('Loot History'!$J:$J,MATCH(Z36,'Loot History'!$B:$B,0)),""))
D37: Zerleger-Thunderstrike | AA37: =IF(Z37="","",COUNTIF('Loot History'!$B:$B,Z37)) | AB37: =IF(Z37="","",IFERROR(INDEX('Loot History'!$J:$J,MATCH(Z37,'Loot History'!$B:$B,0)),""))
D38: Zzou-Thunderstrike | AA38: =IF(Z38="","",COUNTIF('Loot History'!$B:$B,Z38)) | AB38: =IF(Z38="","",IFERROR(INDEX('Loot History'!$J:$J,MATCH(Z38,'Loot History'!$B:$B,0)),""))
AA39: =IF(Z39="","",COUNTIF('Loot History'!$B:$B,Z39)) | AB39: =IF(Z39="","",IFERROR(INDEX('Loot History'!$J:$J,MATCH(Z39,'Loot History'!$B:$B,0)),""))
AA40: =IF(Z40="","",COUNTIF('Loot History'!$B:$B,Z40)) | AB40: =IF(Z40="","",IFERROR(INDEX('Loot History'!$J:$J,MATCH(Z40,'Loot History'!$B:$B,0)),""))
AA41: =IF(Z41="","",COUNTIF('Loot History'!$B:$B,Z41)) | AB41: =IF(Z41="","",IFERROR(INDEX('Loot History'!$J:$J,MATCH(Z41,'Loot History'!$B:$B,0)),""))
AA42: =IF(Z42="","",COUNTIF('Loot History'!$B:$B,Z42)) | AB42: =IF(Z42="","",IFERROR(INDEX('Loot History'!$J:$J,MATCH(Z42,'Loot History'!$B:$B,0)),""))
AA43: =IF(Z43="","",COUNTIF('Loot History'!$B:$B,Z43)) | AB43: =IF(Z43="","",IFERROR(INDEX('Loot History'!$J:$J,MATCH(Z43,'Loot History'!$B:$B,0)),""))
AA44: =IF(Z44="","",COUNTIF('Loot History'!$B:$B,Z44)) | AB44: =IF(Z44="","",IFERROR(INDEX('Loot History'!$J:$J,MATCH(Z44,'Loot History'!$B:$B,0)),""))
E45: =IF(D45="","",COUNTIF('Loot History'!$A:$A,D45)) | F45: =IF(D45="","",COUNTIFS('Loot History'!$A:$A,D45,'Loot History'!$G:$G,"BiS")) | G45: =IF(D45="","",COUNTIFS('Loot History'!$A:$A,D45,'Loot History'!$G:$G,"2nd BiS")) | H45: =IF(D45="","",COUNTIFS('Loot History'!$A:$A,D45,'Loot History'!$G:$G,"Upgrade")) | I45: =IF(D45="","",COUNTIFS('Loot History'!$A:$A,D45,'Loot History'!$G:$G,"Offspecc")) | J45: =IF(D45="","",COUNTIFS('Loot History'!$A:$A,D45,'Loot History'!$G:$G,"Passen")) | K45: =IF(D45="","",IFERROR(E45-F45-G45-H45-I45-J45,0)) | L45: =IF(D45="","",IFERROR(INDEX('Loot History'!$I:$I,MATCH(D45,'Loot History'!$A:$A,0)),"")) | AA45: =IF(Z45="","",COUNTIF('Loot History'!$B:$B,Z45)) | AB45: =IF(Z45="","",IFERROR(INDEX('Loot History'!$J:$J,MATCH(Z45,'Loot History'!$B:$B,0)),""))
E46: =IF(D46="","",COUNTIF('Loot History'!$A:$A,D46)) | F46: =IF(D46="","",COUNTIFS('Loot History'!$A:$A,D46,'Loot History'!$G:$G,"BiS")) | G46: =IF(D46="","",COUNTIFS('Loot History'!$A:$A,D46,'Loot History'!$G:$G,"2nd BiS")) | H46: =IF(D46="","",COUNTIFS('Loot History'!$A:$A,D46,'Loot History'!$G:$G,"Upgrade")) | I46: =IF(D46="","",COUNTIFS('Loot History'!$A:$A,D46,'Loot History'!$G:$G,"Offspecc")) | J46: =IF(D46="","",COUNTIFS('Loot History'!$A:$A,D46,'Loot History'!$G:$G,"Passen")) | K46: =IF(D46="","",IFERROR(E46-F46-G46-H46-I46-J46,0)) | L46: =IF(D46="","",IFERROR(INDEX('Loot History'!$I:$I,MATCH(D46,'Loot History'!$A:$A,0)),"")) | AA46: =IF(Z46="","",COUNTIF('Loot History'!$B:$B,Z46)) | AB46: =IF(Z46="","",IFERROR(INDEX('Loot History'!$J:$J,MATCH(Z46,'Loot History'!$B:$B,0)),""))
E47: =IF(D47="","",COUNTIF('Loot History'!$A:$A,D47)) | F47: =IF(D47="","",COUNTIFS('Loot History'!$A:$A,D47,'Loot History'!$G:$G,"BiS")) | G47: =IF(D47="","",COUNTIFS('Loot History'!$A:$A,D47,'Loot History'!$G:$G,"2nd BiS")) | H47: =IF(D47="","",COUNTIFS('Loot History'!$A:$A,D47,'Loot History'!$G:$G,"Upgrade")) | I47: =IF(D47="","",COUNTIFS('Loot History'!$A:$A,D47,'Loot History'!$G:$G,"Offspecc")) | J47: =IF(D47="","",COUNTIFS('Loot History'!$A:$A,D47,'Loot History'!$G:$G,"Passen")) | K47: =IF(D47="","",IFERROR(E47-F47-G47-H47-I47-J47,0)) | L47: =IF(D47="","",IFERROR(INDEX('Loot History'!$I:$I,MATCH(D47,'Loot History'!$A:$A,0)),"")) | AA47: =IF(Z47="","",COUNTIF('Loot History'!$B:$B,Z47)) | AB47: =IF(Z47="","",IFERROR(INDEX('Loot History'!$J:$J,MATCH(Z47,'Loot History'!$B:$B,0)),""))
E48: =IF(D48="","",COUNTIF('Loot History'!$A:$A,D48)) | F48: =IF(D48="","",COUNTIFS('Loot History'!$A:$A,D48,'Loot History'!$G:$G,"BiS")) | G48: =IF(D48="","",COUNTIFS('Loot History'!$A:$A,D48,'Loot History'!$G:$G,"2nd BiS")) | H48: =IF(D48="","",COUNTIFS('Loot History'!$A:$A,D48,'Loot History'!$G:$G,"Upgrade")) | I48: =IF(D48="","",COUNTIFS('Loot History'!$A:$A,D48,'Loot History'!$G:$G,"Offspecc")) | J48: =IF(D48="","",COUNTIFS('Loot History'!$A:$A,D48,'Loot History'!$G:$G,"Passen")) | K48: =IF(D48="","",IFERROR(E48-F48-G48-H48-I48-J48,0)) | L48: =IF(D48="","",IFERROR(INDEX('Loot History'!$I:$I,MATCH(D48,'Loot History'!$A:$A,0)),"")) | AA48: =IF(Z48="","",COUNTIF('Loot History'!$B:$B,Z48)) | AB48: =IF(Z48="","",IFERROR(INDEX('Loot History'!$J:$J,MATCH(Z48,'Loot History'!$B:$B,0)),""))
E49: =IF(D49="","",COUNTIF('Loot History'!$A:$A,D49)) | F49: =IF(D49="","",COUNTIFS('Loot History'!$A:$A,D49,'Loot History'!$G:$G,"BiS")) | G49: =IF(D49="","",COUNTIFS('Loot History'!$A:$A,D49,'Loot History'!$G:$G,"2nd BiS")) | H49: =IF(D49="","",COUNTIFS('Loot History'!$A:$A,D49,'Loot History'!$G:$G,"Upgrade")) | I49: =IF(D49="","",COUNTIFS('Loot History'!$A:$A,D49,'Loot History'!$G:$G,"Offspecc")) | J49: =IF(D49="","",COUNTIFS('Loot History'!$A:$A,D49,'Loot History'!$G:$G,"Passen")) | K49: =IF(D49="","",IFERROR(E49-F49-G49-H49-I49-J49,0)) | L49: =IF(D49="","",IFERROR(INDEX('Loot History'!$I:$I,MATCH(D49,'Loot History'!$A:$A,0)),"")) | AA49: =IF(Z49="","",COUNTIF('Loot History'!$B:$B,Z49)) | AB49: =IF(Z49="","",IFERROR(INDEX('Loot History'!$J:$J,MATCH(Z49,'Loot History'!$B:$B,0)),""))
E50: =IF(D50="","",COUNTIF('Loot History'!$A:$A,D50)) | F50: =IF(D50="","",COUNTIFS('Loot History'!$A:$A,D50,'Loot History'!$G:$G,"BiS")) | G50: =IF(D50="","",COUNTIFS('Loot History'!$A:$A,D50,'Loot History'!$G:$G,"2nd BiS")) | H50: =IF(D50="","",COUNTIFS('Loot History'!$A:$A,D50,'Loot History'!$G:$G,"Upgrade")) | I50: =IF(D50="","",COUNTIFS('Loot History'!$A:$A,D50,'Loot History'!$G:$G,"Offspecc")) | J50: =IF(D50="","",COUNTIFS('Loot History'!$A:$A,D50,'Loot History'!$G:$G,"Passen")) | K50: =IF(D50="","",IFERROR(E50-F50-G50-H50-I50-J50,0)) | L50: =IF(D50="","",IFERROR(INDEX('Loot History'!$I:$I,MATCH(D50,'Loot History'!$A:$A,0)),"")) | AA50: =IF(Z50="","",COUNTIF('Loot History'!$B:$B,Z50)) | AB50: =IF(Z50="","",IFERROR(INDEX('Loot History'!$J:$J,MATCH(Z50,'Loot History'!$B:$B,0)),""))
E51: =IF(D51="","",COUNTIF('Loot History'!$A:$A,D51)) | F51: =IF(D51="","",COUNTIFS('Loot History'!$A:$A,D51,'Loot History'!$G:$G,"BiS")) | G51: =IF(D51="","",COUNTIFS('Loot History'!$A:$A,D51,'Loot History'!$G:$G,"2nd BiS")) | H51: =IF(D51="","",COUNTIFS('Loot History'!$A:$A,D51,'Loot History'!$G:$G,"Upgrade")) | I51: =IF(D51="","",COUNTIFS('Loot History'!$A:$A,D51,'Loot History'!$G:$G,"Offspecc")) | J51: =IF(D51="","",COUNTIFS('Loot History'!$A:$A,D51,'Loot History'!$G:$G,"Passen")) | K51: =IF(D51="","",IFERROR(E51-F51-G51-H51-I51-J51,0)) | L51: =IF(D51="","",IFERROR(INDEX('Loot History'!$I:$I,MATCH(D51,'Loot History'!$A:$A,0)),"")) | AA51: =IF(Z51="","",COUNTIF('Loot History'!$B:$B,Z51)) | AB51: =IF(Z51="","",IFERROR(INDEX('Loot History'!$J:$J,MATCH(Z51,'Loot History'!$B:$B,0)),""))
E52: =IF(D52="","",COUNTIF('Loot History'!$A:$A,D52)) | F52: =IF(D52="","",COUNTIFS('Loot History'!$A:$A,D52,'Loot History'!$G:$G,"BiS")) | G52: =IF(D52="","",COUNTIFS('Loot History'!$A:$A,D52,'Loot History'!$G:$G,"2nd BiS")) | H52: =IF(D52="","",COUNTIFS('Loot History'!$A:$A,D52,'Loot History'!$G:$G,"Upgrade")) | I52: =IF(D52="","",COUNTIFS('Loot History'!$A:$A,D52,'Loot History'!$G:$G,"Offspecc")) | J52: =IF(D52="","",COUNTIFS('Loot History'!$A:$A,D52,'Loot History'!$G:$G,"Passen")) | K52: =IF(D52="","",IFERROR(E52-F52-G52-H52-I52-J52,0)) | L52: =IF(D52="","",IFERROR(INDEX('Loot History'!$I:$I,MATCH(D52,'Loot History'!$A:$A,0)),"")) | AA52: =IF(Z52="","",COUNTIF('Loot History'!$B:$B,Z52)) | AB52: =IF(Z52="","",IFERROR(INDEX('Loot History'!$J:$J,MATCH(Z52,'Loot History'!$B:$B,0)),""))
E53: =IF(D53="","",COUNTIF('Loot History'!$A:$A,D53)) | F53: =IF(D53="","",COUNTIFS('Loot History'!$A:$A,D53,'Loot History'!$G:$G,"BiS")) | G53: =IF(D53="","",COUNTIFS('Loot History'!$A:$A,D53,'Loot History'!$G:$G,"2nd BiS")) | H53: =IF(D53="","",COUNTIFS('Loot History'!$A:$A,D53,'Loot History'!$G:$G,"Upgrade")) | I53: =IF(D53="","",COUNTIFS('Loot History'!$A:$A,D53,'Loot History'!$G:$G,"Offspecc")) | J53: =IF(D53="","",COUNTIFS('Loot History'!$A:$A,D53,'Loot History'!$G:$G,"Passen")) | K53: =IF(D53="","",IFERROR(E53-F53-G53-H53-I53-J53,0)) | L53: =IF(D53="","",IFERROR(INDEX('Loot History'!$I:$I,MATCH(D53,'Loot History'!$A:$A,0)),"")) | AA53: =IF(Z53="","",COUNTIF('Loot History'!$B:$B,Z53)) | AB53: =IF(Z53="","",IFERROR(INDEX('Loot History'!$J:$J,MATCH(Z53,'Loot History'!$B:$B,0)),""))
E54: =IF(D54="","",COUNTIF('Loot History'!$A:$A,D54)) | F54: =IF(D54="","",COUNTIFS('Loot History'!$A:$A,D54,'Loot History'!$G:$G,"BiS")) | G54: =IF(D54="","",COUNTIFS('Loot History'!$A:$A,D54,'Loot History'!$G:$G,"2nd BiS")) | H54: =IF(D54="","",COUNTIFS('Loot History'!$A:$A,D54,'Loot History'!$G:$G,"Upgrade")) | I54: =IF(D54="","",COUNTIFS('Loot History'!$A:$A,D54,'Loot History'!$G:$G,"Offspecc")) | J54: =IF(D54="","",COUNTIFS('Loot History'!$A:$A,D54,'Loot History'!$G:$G,"Passen")) | K54: =IF(D54="","",IFERROR(E54-F54-G54-H54-I54-J54,0)) | L54: =IF(D54="","",IFERROR(INDEX('Loot History'!$I:$I,MATCH(D54,'Loot History'!$A:$A,0)),""))
E55: =IF(D55="","",COUNTIF('Loot History'!$A:$A,D55)) | F55: =IF(D55="","",COUNTIFS('Loot History'!$A:$A,D55,'Loot History'!$G:$G,"BiS")) | G55: =IF(D55="","",COUNTIFS('Loot History'!$A:$A,D55,'Loot History'!$G:$G,"2nd BiS")) | H55: =IF(D55="","",COUNTIFS('Loot History'!$A:$A,D55,'Loot History'!$G:$G,"Upgrade")) | I55: =IF(D55="","",COUNTIFS('Loot History'!$A:$A,D55,'Loot History'!$G:$G,"Offspecc")) | J55: =IF(D55="","",COUNTIFS('Loot History'!$A:$A,D55,'Loot History'!$G:$G,"Passen")) | K55: =IF(D55="","",IFERROR(E55-F55-G55-H55-I55-J55,0)) | L55: =IF(D55="","",IFERROR(INDEX('Loot History'!$I:$I,MATCH(D55,'Loot History'!$A:$A,0)),""))
E56: =IF(D56="","",COUNTIF('Loot History'!$A:$A,D56)) | F56: =IF(D56="","",COUNTIFS('Loot History'!$A:$A,D56,'Loot History'!$G:$G,"BiS")) | G56: =IF(D56="","",COUNTIFS('Loot History'!$A:$A,D56,'Loot History'!$G:$G,"2nd BiS")) | H56: =IF(D56="","",COUNTIFS('Loot History'!$A:$A,D56,'Loot History'!$G:$G,"Upgrade")) | I56: =IF(D56="","",COUNTIFS('Loot History'!$A:$A,D56,'Loot History'!$G:$G,"Offspecc")) | J56: =IF(D56="","",COUNTIFS('Loot History'!$A:$A,D56,'Loot History'!$G:$G,"Passen")) | K56: =IF(D56="","",IFERROR(E56-F56-G56-H56-I56-J56,0)) | L56: =IF(D56="","",IFERROR(INDEX('Loot History'!$I:$I,MATCH(D56,'Loot History'!$A:$A,0)),""))
E57: =IF(D57="","",COUNTIF('Loot History'!$A:$A,D57)) | F57: =IF(D57="","",COUNTIFS('Loot History'!$A:$A,D57,'Loot History'!$G:$G,"BiS")) | G57: =IF(D57="","",COUNTIFS('Loot History'!$A:$A,D57,'Loot History'!$G:$G,"2nd BiS")) | H57: =IF(D57="","",COUNTIFS('Loot History'!$A:$A,D57,'Loot History'!$G:$G,"Upgrade")) | I57: =IF(D57="","",COUNTIFS('Loot History'!$A:$A,D57,'Loot History'!$G:$G,"Offspecc")) | J57: =IF(D57="","",COUNTIFS('Loot History'!$A:$A,D57,'Loot History'!$G:$G,"Passen")) | K57: =IF(D57="","",IFERROR(E57-F57-G57-H57-I57-J57,0)) | L57: =IF(D57="","",IFERROR(INDEX('Loot History'!$I:$I,MATCH(D57,'Loot History'!$A:$A,0)),""))
E58: =IF(D58="","",COUNTIF('Loot History'!$A:$A,D58)) | F58: =IF(D58="","",COUNTIFS('Loot History'!$A:$A,D58,'Loot History'!$G:$G,"BiS")) | G58: =IF(D58="","",COUNTIFS('Loot History'!$A:$A,D58,'Loot History'!$G:$G,"2nd BiS")) | H58: =IF(D58="","",COUNTIFS('Loot History'!$A:$A,D58,'Loot History'!$G:$G,"Upgrade")) | I58: =IF(D58="","",COUNTIFS('Loot History'!$A:$A,D58,'Loot History'!$G:$G,"Offspecc")) | J58: =IF(D58="","",COUNTIFS('Loot History'!$A:$A,D58,'Loot History'!$G:$G,"Passen")) | K58: =IF(D58="","",IFERROR(E58-F58-G58-H58-I58-J58,0)) | L58: =IF(D58="","",IFERROR(INDEX('Loot History'!$I:$I,MATCH(D58,'Loot History'!$A:$A,0)),""))
E59: =IF(D59="","",COUNTIF('Loot History'!$A:$A,D59)) | F59: =IF(D59="","",COUNTIFS('Loot History'!$A:$A,D59,'Loot History'!$G:$G,"BiS")) | G59: =IF(D59="","",COUNTIFS('Loot History'!$A:$A,D59,'Loot History'!$G:$G,"2nd BiS")) | H59: =IF(D59="","",COUNTIFS('Loot History'!$A:$A,D59,'Loot History'!$G:$G,"Upgrade")) | I59: =IF(D59="","",COUNTIFS('Loot History'!$A:$A,D59,'Loot History'!$G:$G,"Offspecc")) | J59: =IF(D59="","",COUNTIFS('Loot History'!$A:$A,D59,'Loot History'!$G:$G,"Passen")) | K59: =IF(D59="","",IFERROR(E59-F59-G59-H59-I59-J59,0)) | L59: =IF(D59="","",IFERROR(INDEX('Loot History'!$I:$I,MATCH(D59,'Loot History'!$A:$A,0)),""))
E60: =IF(D60="","",COUNTIF('Loot History'!$A:$A,D60)) | F60: =IF(D60="","",COUNTIFS('Loot History'!$A:$A,D60,'Loot History'!$G:$G,"BiS")) | G60: =IF(D60="","",COUNTIFS('Loot History'!$A:$A,D60,'Loot History'!$G:$G,"2nd BiS")) | H60: =IF(D60="","",COUNTIFS('Loot History'!$A:$A,D60,'Loot History'!$G:$G,"Upgrade")) | I60: =IF(D60="","",COUNTIFS('Loot History'!$A:$A,D60,'Loot History'!$G:$G,"Offspecc")) | J60: =IF(D60="","",COUNTIFS('Loot History'!$A:$A,D60,'Loot History'!$G:$G,"Passen")) | K60: =IF(D60="","",IFERROR(E60-F60-G60-H60-I60-J60,0)) | L60: =IF(D60="","",IFERROR(INDEX('Loot History'!$I:$I,MATCH(D60,'Loot History'!$A:$A,0)),""))
E61: =IF(D61="","",COUNTIF('Loot History'!$A:$A,D61)) | F61: =IF(D61="","",COUNTIFS('Loot History'!$A:$A,D61,'Loot History'!$G:$G,"BiS")) | G61: =IF(D61="","",COUNTIFS('Loot History'!$A:$A,D61,'Loot History'!$G:$G,"2nd BiS")) | H61: =IF(D61="","",COUNTIFS('Loot History'!$A:$A,D61,'Loot History'!$G:$G,"Upgrade")) | I61: =IF(D61="","",COUNTIFS('Loot History'!$A:$A,D61,'Loot History'!$G:$G,"Offspecc")) | J61: =IF(D61="","",COUNTIFS('Loot History'!$A:$A,D61,'Loot History'!$G:$G,"Passen")) | K61: =IF(D61="","",IFERROR(E61-F61-G61-H61-I61-J61,0)) | L61: =IF(D61="","",IFERROR(INDEX('Loot History'!$I:$I,MATCH(D61,'Loot History'!$A:$A,0)),""))
E62: =IF(D62="","",COUNTIF('Loot History'!$A:$A,D62)) | F62: =IF(D62="","",COUNTIFS('Loot History'!$A:$A,D62,'Loot History'!$G:$G,"BiS")) | G62: =IF(D62="","",COUNTIFS('Loot History'!$A:$A,D62,'Loot History'!$G:$G,"2nd BiS")) | H62: =IF(D62="","",COUNTIFS('Loot History'!$A:$A,D62,'Loot History'!$G:$G,"Upgrade")) | I62: =IF(D62="","",COUNTIFS('Loot History'!$A:$A,D62,'Loot History'!$G:$G,"Offspecc")) | J62: =IF(D62="","",COUNTIFS('Loot History'!$A:$A,D62,'Loot History'!$G:$G,"Passen")) | K62: =IF(D62="","",IFERROR(E62-F62-G62-H62-I62-J62,0)) | L62: =IF(D62="","",IFERROR(INDEX('Loot History'!$I:$I,MATCH(D62,'Loot History'!$A:$A,0)),""))
E63: =IF(D63="","",COUNTIF('Loot History'!$A:$A,D63)) | F63: =IF(D63="","",COUNTIFS('Loot History'!$A:$A,D63,'Loot History'!$G:$G,"BiS")) | G63: =IF(D63="","",COUNTIFS('Loot History'!$A:$A,D63,'Loot History'!$G:$G,"2nd BiS")) | H63: =IF(D63="","",COUNTIFS('Loot History'!$A:$A,D63,'Loot History'!$G:$G,"Upgrade")) | I63: =IF(D63="","",COUNTIFS('Loot History'!$A:$A,D63,'Loot History'!$G:$G,"Offspecc")) | J63: =IF(D63="","",COUNTIFS('Loot History'!$A:$A,D63,'Loot History'!$G:$G,"Passen")) | K63: =IF(D63="","",IFERROR(E63-F63-G63-H63-I63-J63,0)) | L63: =IF(D63="","",IFERROR(INDEX('Loot History'!$I:$I,MATCH(D63,'Loot History'!$A:$A,0)),""))
E64: =IF(D64="","",COUNTIF('Loot History'!$A:$A,D64)) | F64: =IF(D64="","",COUNTIFS('Loot History'!$A:$A,D64,'Loot History'!$G:$G,"BiS")) | G64: =IF(D64="","",COUNTIFS('Loot History'!$A:$A,D64,'Loot History'!$G:$G,"2nd BiS")) | H64: =IF(D64="","",COUNTIFS('Loot History'!$A:$A,D64,'Loot History'!$G:$G,"Upgrade")) | I64: =IF(D64="","",COUNTIFS('Loot History'!$A:$A,D64,'Loot History'!$G:$G,"Offspecc")) | J64: =IF(D64="","",COUNTIFS('Loot History'!$A:$A,D64,'Loot History'!$G:$G,"Passen")) | K64: =IF(D64="","",IFERROR(E64-F64-G64-H64-I64-J64,0)) | L64: =IF(D64="","",IFERROR(INDEX('Loot History'!$I:$I,MATCH(D64,'Loot History'!$A:$A,0)),""))
E65: =IF(D65="","",COUNTIF('Loot History'!$A:$A,D65)) | F65: =IF(D65="","",COUNTIFS('Loot History'!$A:$A,D65,'Loot History'!$G:$G,"BiS")) | G65: =IF(D65="","",COUNTIFS('Loot History'!$A:$A,D65,'Loot History'!$G:$G,"2nd BiS")) | H65: =IF(D65="","",COUNTIFS('Loot History'!$A:$A,D65,'Loot History'!$G:$G,"Upgrade")) | I65: =IF(D65="","",COUNTIFS('Loot History'!$A:$A,D65,'Loot History'!$G:$G,"Offspecc")) | J65: =IF(D65="","",COUNTIFS('Loot History'!$A:$A,D65,'Loot History'!$G:$G,"Passen")) | K65: =IF(D65="","",IFERROR(E65-F65-G65-H65-I65-J65,0)) | L65: =IF(D65="","",IFERROR(INDEX('Loot History'!$I:$I,MATCH(D65,'Loot History'!$A:$A,0)),""))
... E202: =IF(D202="","",COUNTIF('Loot History'!$A:$A,D202)) | F202: =IF(D202="","",COUNTIFS('Loot History'!$A:$A,D202,'Loot History'!$G:$G,"BiS")) | G202: =IF(D202="","",COUNTIFS('Loot History'!$A:$A,D202,'Loot History'!$G:$G,"2nd BiS")) | H202: =IF(D202="","",COUNTIFS('Loot History'!$A:$A,D202,'Loot History'!$G:$G,"Upgrade")) | I202: =IF(D202="","",COUNTIFS('Loot History'!$A:$A,D202,'Loot History'!$G:$G,"Offspecc")) | J202: =IF(D202="","",COUNTIFS('Loot History'!$A:$A,D202,'Loot History'!$G:$G,"Passen")) | K202: =IF(D202="","",IFERROR(E202-F202-G202-H202-I202-J202,0)) | L202: =IF(D202="","",IFERROR(INDEX('Loot History'!$I:$I,MATCH(D202,'Loot History'!$A:$A,0)),""))
AA204: Total (all players) | AB204: =SUM(E3:E202) -> 214 | AC204: =SUM(F3:F202) -> 119 | AD204: =SUM(G3:G202) -> 25 | AE204: =SUM(H3:H202) -> 33 | AF204: =SUM(I3:I202) -> 31 | AG204: =SUM(J3:J202) -> 0 | AH204: =SUM(K3:K202) -> 6 | AI204: =SUM(#REF!) -> #REF!
AD207: Items by Response | AH207: Items by Class
AD208: Response | AE208: Items | AF208: % of total | AH208: Class | AI208: Items
AD209: BiS | AE209: =COUNTIF('Loot History'!$G:$G,"BiS") -> 147 | AF209: =IFERROR(AE209/COUNTA('Loot History'!$D$2:$D$987),0) -> 0.52877698 | AH209: {=IFERROR(_xlfn._xlws.SORT(_xlfn.UNIQUE(_xlfn._xlws.FILTER('Loot History'!I2:I987,'Loot History'!I2:I987<>""))),"")} -> DRUID | AI209: =IF(AH209="","",COUNTIF('Loot History'!$I:$I,AH209)) -> 30
AD210: 2nd BiS | AE210: =COUNTIF('Loot History'!$G:$G,"2nd BiS") -> 29 | AF210: =IFERROR(AE210/COUNTA('Loot History'!$D$2:$D$987),0) -> 0.10431655 | AH210: HUNTER | AI210: =IF(AH210="","",COUNTIF('Loot History'!$I:$I,AH210)) -> 21
AD211: Upgrade | AE211: =COUNTIF('Loot History'!$G:$G,"Upgrade") -> 40 | AF211: =IFERROR(AE211/COUNTA('Loot History'!$D$2:$D$987),0) -> 0.14388489 | AH211: MAGE | AI211: =IF(AH211="","",COUNTIF('Loot History'!$I:$I,AH211)) -> 32
AD212: Offspecc | AE212: =COUNTIF('Loot History'!$G:$G,"Offspecc") -> 43 | AF212: =IFERROR(AE212/COUNTA('Loot History'!$D$2:$D$987),0) -> 0.15467626 | AH212: PALADIN | AI212: =IF(AH212="","",COUNTIF('Loot History'!$I:$I,AH212)) -> 54
AD213: Passen | AE213: =COUNTIF('Loot History'!$G:$G,"Passen") -> 0 | AF213: =IFERROR(AE213/COUNTA('Loot History'!$D$2:$D$987),0) -> 0 | AH213: PRIEST | AI213: =IF(AH213="","",COUNTIF('Loot History'!$I:$I,AH213)) -> 28
AD214: Pending | AE214: =COUNTIF('Loot History'!$G:$G,"Kandidat wählt die Antwort aus, bitte warten") -> 0 | AF214: =IFERROR(AE214/COUNTA('Loot History'!$D$2:$D$987),0) -> 0 | AH214: ROGUE | AI214: =IF(AH214="","",COUNTIF('Loot History'!$I:$I,AH214)) -> 6
AH215: SHAMAN | AI215: =IF(AH215="","",COUNTIF('Loot History'!$I:$I,AH215)) -> 45
AH216: WARLOCK | AI216: =IF(AH216="","",COUNTIF('Loot History'!$I:$I,AH216)) -> 15
AH217: WARRIOR | AI217: =IF(AH217="","",COUNTIF('Loot History'!$I:$I,AH217)) -> 47
E261: =IF(D261="","",COUNTIF('Loot History'!$B:$B,D261)) | F261: =IF(D261="","",IFERROR(INDEX('Loot History'!$J:$J,MATCH(D261,'Loot History'!$B:$B,0)),""))
E262: =IF(D262="","",COUNTIF('Loot History'!$B:$B,D262)) | F262: =IF(D262="","",IFERROR(INDEX('Loot History'!$J:$J,MATCH(D262,'Loot History'!$B:$B,0)),""))
E263: =IF(D263="","",COUNTIF('Loot History'!$B:$B,D263)) | F263: =IF(D263="","",IFERROR(INDEX('Loot History'!$J:$J,MATCH(D263,'Loot History'!$B:$B,0)),""))
E264: =IF(D264="","",COUNTIF('Loot History'!$B:$B,D264)) | F264: =IF(D264="","",IFERROR(INDEX('Loot History'!$J:$J,MATCH(D264,'Loot History'!$B:$B,0)),""))
E265: =IF(D265="","",COUNTIF('Loot History'!$B:$B,D265)) | F265: =IF(D265="","",IFERROR(INDEX('Loot History'!$J:$J,MATCH(D265,'Loot History'!$B:$B,0)),""))
E266: =IF(D266="","",COUNTIF('Loot History'!$B:$B,D266)) | F266: =IF(D266="","",IFERROR(INDEX('Loot History'!$J:$J,MATCH(D266,'Loot History'!$B:$B,0)),""))
E267: =IF(D267="","",COUNTIF('Loot History'!$B:$B,D267)) | F267: =IF(D267="","",IFERROR(INDEX('Loot History'!$J:$J,MATCH(D267,'Loot History'!$B:$B,0)),""))
E268: =IF(D268="","",COUNTIF('Loot History'!$B:$B,D268)) | F268: =IF(D268="","",IFERROR(INDEX('Loot History'!$J:$J,MATCH(D268,'Loot History'!$B:$B,0)),""))
E269: =IF(D269="","",COUNTIF('Loot History'!$B:$B,D269)) | F269: =IF(D269="","",IFERROR(INDEX('Loot History'!$J:$J,MATCH(D269,'Loot History'!$B:$B,0)),""))
E270: =IF(D270="","",COUNTIF('Loot History'!$B:$B,D270)) | F270: =IF(D270="","",IFERROR(INDEX('Loot History'!$J:$J,MATCH(D270,'Loot History'!$B:$B,0)),""))
E271: =IF(D271="","",COUNTIF('Loot History'!$B:$B,D271)) | F271: =IF(D271="","",IFERROR(INDEX('Loot History'!$J:$J,MATCH(D271,'Loot History'!$B:$B,0)),""))
E272: =IF(D272="","",COUNTIF('Loot History'!$B:$B,D272)) | F272: =IF(D272="","",IFERROR(INDEX('Loot History'!$J:$J,MATCH(D272,'Loot History'!$B:$B,0)),""))
... E283: =IF(D283="","",COUNTIF('Loot History'!$B:$B,D283)) | F283: =IF(D283="","",IFERROR(INDEX('Loot History'!$J:$J,MATCH(D283,'Loot History'!$B:$B,0)),""))
